user_id,username,password,age,registration_date
1,michele86,%9VlfjXAcZ,22,1987-10-30
2,zallen,M6qPO@x0*%,47,2022-05-13
3,nwhite,7lUn2uf&^A,38,1971-12-22
4,tjackson,+29WuugyIs,38,1987-07-29
5,rcohen,(9QVLtbE&8,35,1978-05-25
6,francesjones,1jifZnXC!h,29,1991-01-15
7,chavezmichael,I^9S2Zs)m!,48,2018-12-03
8,gibbsjody,eA6Cq9u8#W,59,2003-04-09
9,yolandalee,j$36(FPb!v,44,1988-11-08
10,shawkins,)KJ1BGGhH),29,1998-12-23
11,donnacline,v%bLY6RP*s,45,2018-04-20
12,pagetodd,Q5oAmhRT$q,63,2011-06-06
13,helen07,cG4#kxCt)),30,2017-03-08
14,lauraholt,VNcdGSPc(6,65,2007-04-19
15,michael67,$Xc2ZksiDD,47,2011-11-09
16,victorhayes,#5DoN+Ad6k,65,1983-11-19
17,luiswilson,z0^26Fnf!j,50,1971-01-15
18,raymondvargas,5ST4$aEjF(,57,1995-06-16
19,anitakeith,!kTYzNwcy2,23,2016-11-29
20,bsmith,w!m6UfsMVD,62,2016-10-21
21,kristinwilliams,kz@7JMXtn*,59,2001-03-24
22,melissa25,y@2KHbp8yJ,30,1994-09-23
23,david95,uba8DOgwV*,61,1985-01-11
24,saradavis,dbIt8GfeD&,40,1999-04-29
25,nancy42,zLyFqaQl)4,43,1988-12-21
26,tmassey,#BEnba!fx0,26,1991-11-11
27,paul04,p4Po*N1v$^,52,1974-03-13
28,virginiadaniel,2MFdUnaU%0,42,1976-02-25
29,simpsontimothy,VGW%4Wdy)K,33,1976-08-19
30,xcampbell,vi7k$YmK#x,51,2009-07-16
31,darinsmith,+jH9EkLr#0,58,2021-11-09
32,suttonrobert,F54hZ&ue*7,51,2022-04-22
33,ncooper,6c@+6MEzh0,61,1975-08-07
34,anthony50,xl$z5SHu&4,58,2001-12-24
35,colejessica,i3Yoidmn$R,23,2023-04-08
36,owensrhonda,#zsEAo*Mn9,63,1972-07-24
37,samantha57,*@D5UAYkhj,39,2022-11-14
38,jaclyngonzalez,&TCvdC)JL3,59,1977-05-07
39,tatetimothy,adQQSd&7+4,52,1979-06-29
40,jerrybarnes,fD0ZlFTc&5,41,2006-07-05
41,christina71,j43DUXdx%j,31,2015-06-09
42,william24,4+O63rVpMX,64,2011-03-13
43,pstuart,&v9@DWf5P^,58,2010-02-04
44,richardcarroll,i(G1%$Sz_y,60,1987-11-04
45,courtney81,&6nVYQmL4F,22,2020-11-23
46,smithmegan,Bf5GtpDe@$,37,1989-10-31
47,tinafrye,)x9Oxp$wZt,44,1995-06-26
48,bfowler,1#kLW0u1PG,37,2002-10-15
49,zhoward,x%22%O@hH3,61,2017-12-14
50,nancyguerrero,)YbY5dDO@5,51,1970-02-13
51,john11,vV4M*Snib#,39,2000-03-07
52,floreseric,4AgK7Fdfa&,34,1994-02-27
53,jperez,l(KfvFtQ@0,53,2001-08-28
54,juliewilliams,)dR4AoD(gn,31,1988-03-26
55,jesseryan,BHp81RReV^,27,1978-06-09
56,hernandezshannon,MS_g7Kg3C@,19,2023-05-09
57,sophia55,8hQz0EznT_,19,2008-10-03
58,davisjohn,Ey!seR$a$3,41,1970-07-27
59,bradleycraig,U&g+4U0m1%,21,2006-10-30
60,fhale,+0dlFojI#S,64,1973-05-20
61,oconnorpeggy,Te^3Y3At(x,18,2005-09-27
62,ndavis,m3buwYJ9*i,60,2010-02-09
63,daybrooke,0D4yVhJa^u,21,1993-08-03
64,kimberlyaguilar,hXo6ML7b&9,58,2009-04-29
65,campbelldaniel,$M04j8p1v+,41,2008-06-24
66,cmontgomery,@EVrW+6ce8,54,1988-02-26
67,brian61,1%YAUnso*8,59,1979-11-27
68,woodsnicole,#UC3OYabK5,45,1971-01-13
69,fcastillo,S#6YRtHKC5,48,2002-06-22
70,tyler81,p61JIdh&+g,64,1997-05-26
71,rebecca76,5ky#IxbF*6,48,1976-10-03
72,melanie84,*rX44!KpRj,54,2019-02-25
73,christopher45,@dvL4EYhm9,37,1977-01-11
74,deborah75,(boL60AxTn,60,1986-10-05
75,gibsonrobin,0OMUTePw*7,34,2015-03-27
76,rroberts,%+@XNBs)x7,34,2022-04-27
77,martineztanya,fHP#3F+fT$,55,2015-05-12
78,xbarron,o@Eg28jcAF,39,1994-05-16
79,wmorrow,!tiM2FhQ$_,49,2002-07-26
80,theresa14,#_5_vCasf4,64,2016-03-23
81,areed,z6FNSCbA@4,26,1972-09-04
82,klucas,*9Ei^8Ae@n,53,2013-03-31
83,natalie45,#nRjf!wV@9,34,2022-08-05
84,wrosales,%1BQz$BAXq,33,1981-01-23
85,ashleywood,yB$K2iMn8q,28,1979-02-02
86,mendezstanley,i55HeSxJ8^,54,2013-02-10
87,santiagoaaron,#6+2BxdM!d,22,1995-07-17
88,julie66,10+1r$MrsF,30,2018-12-28
89,crystal27,_!Dnp$NtI0,60,1974-10-03
90,davisbrian,Zu9Oze&Yw_,54,1993-04-12
91,jessicacurry,D@15$GJt^u,51,1987-11-07
92,moranamy,38m(Rax7#8,45,2004-05-16
93,lisa80,2oD^j8x+&n,45,2019-09-20
94,frankgarcia,R5Y9DQbm#+,22,2019-02-25
95,marcussantiago,(Tc1+UjjM_,47,1976-06-15
96,colemanlaurie,(0$2+HQg!_,60,1999-10-29
97,ygriffin,917EGVYr@9,48,2002-02-05
98,james60,$IE%mZa9Q3,34,1971-02-08
99,jacob13,#4BrcG1UQY,26,2009-04-24
100,solisroger,0)wY5MCp0V,28,2004-03-26
101,josekaufman,^VnGKqSns9,28,1973-01-29
102,taylorpamela,+dQnk&r4H3,62,1993-11-11
103,hsexton,%X8U1ScVk!,51,1978-02-16
104,roberthill,cd8L@DCu#@,35,1982-07-30
105,weeksmaria,%3_LFHwe9_,23,1970-02-23
106,sullivanapril,Fx8#M9YyQ(,27,1976-02-20
107,elizabethlong,q*5uBbx*D@,30,2012-07-03
108,stephanienguyen,6lbBePpz+n,62,1982-09-20
109,david47,$5KWl0aE!6,58,2024-10-28
110,sosasarah,9^8GlAeToi,24,2024-08-13
111,brittney48,BlI80@KIy$,54,2003-03-27
112,plindsey,MNi!5SOs^L,49,2015-02-28
113,epowell,*@Z2xKJ0Am,42,2007-03-18
114,jillfields,7lQtTVG1(S,57,2015-12-20
115,cmack,^@mLUi#wv7,31,1972-05-07
116,sanfordjeremy,A_9dD4rp!),65,2011-08-11
117,darlene18,1M4KHhuj&e,52,1977-09-12
118,vlandry,^5zyNs^msp,52,1988-08-18
119,rowlandpaul,U(%PV4Uaku,32,1974-04-07
120,michael29,*Y9VrvLVHV,47,2014-04-18
121,ggoodwin,)_2Y8jqdyO,29,1988-04-19
122,gallegossuzanne,V0cH%nlR#G,38,1970-09-28
123,alexanderjoshua,@8Nvc(9u7i,36,2008-11-22
124,dominguezsonya,(08Wond8no,29,1987-03-03
125,christinebailey,bo74DNpjv+,39,2002-07-05
126,carloslopez,))50nOrki@,40,1992-02-03
127,vbrown,v6IZExdD!E,25,2023-10-30
128,azimmerman,$jR9QGrVZ^,60,2005-07-07
129,tracey71,((9YEbFgl9,47,1986-10-31
130,cooleyaaron,#INP2bo1b6,65,1975-08-20
131,guerrapenny,sV96f#dtu@,37,2023-01-30
132,brownkelly,M+!kV1Hl*Q,28,2008-05-12
133,michaelbartlett,%*8IXmgE@%,45,2015-07-09
134,ryan07,q27WHByq+!,48,2012-03-02
135,khanrobert,m7U0D$Mw+u,25,1973-07-23
136,michael54,f@3Ial^3Ci,20,2014-09-17
137,fbradshaw,X(3IHgo42g,23,2010-03-14
138,kristen57,e%3rqllpTS,45,1999-06-14
139,sarahjohnson,#17AI6Vixr,46,1980-03-15
140,inewton,EM9CUyvnK%,54,1970-05-29
141,fischergregory,Pfrp@1AheC,34,1971-12-18
142,elijahwheeler,(o2RgjgpMe,29,1986-06-18
143,sheppardjasmine,7Z^V1zh6%2,34,2023-02-10
144,vburns,%YAcrcHc0R,50,1986-01-08
145,valerie62,M&0Pl6Ln8f,64,2007-02-16
146,duane20,l#9fIt0&BN,34,2019-08-12
147,buckedward,C3UOhF$N@z,45,1971-06-22
148,jasoncantrell,!8n(MObx+S,53,1986-09-18
149,mthomas,D69APmFg^H,27,1989-03-02
150,courtney93,w*$p8Ydt7O,23,2022-08-21
151,tuckerjulie,+2N&yiWkV#,33,1997-12-21
152,smithdanny,#Ujg4Gte@g,36,1971-11-19
153,amy05,S(p38tWk%4,58,2017-11-05
154,johnsonamy,$1juVry2Vk,54,2021-01-09
155,alexandraprice,^g*A^HCu3w,50,2000-09-26
156,john21,!26KIlUyS(,40,2011-11-16
157,john43,%VE8ZQx2x3,51,2011-06-14
158,hunterking,Ub$2+gWCy&,58,2018-11-25
159,amymurphy,@W366Y^gD_,21,2001-12-29
160,uelliott,32iVdKrs_#,56,2023-09-09
161,vhernandez,&!J%QRrY51,25,2024-09-05
162,qhardin,)&dd3IGlTB,44,1991-09-04
163,watkinscarl,*D7TvfT__e,27,2022-05-09
164,joshualong,8re%8Ufa1R,34,1972-12-26
165,vwright,PAkJRldp+6,51,2021-12-03
166,victoria65,*C5wGheW$g,20,2015-07-16
167,kimgibson,$L20FardXv,32,2014-09-03
168,benjamin02,+29Al)TIO7,61,2009-04-25
169,cynthia64,2sldYRRz@t,27,1975-09-22
170,nsmith,$4Nnxg^XBH,20,1994-02-21
171,mooremanuel,_I7QwDN3Ic,22,1978-07-25
172,zfields,W^5SpbOdD3,61,1988-03-28
173,abarnes,*U8TXN+lz6,33,2014-09-01
174,bryceaguilar,$uIO&U(Kw9,36,1975-07-31
175,fhogan,#NAME?,35,2016-05-17
176,allentodd,*TmJYDxZ3m,25,2007-05-02
177,wsmith,H0sPe3Pw)t,40,2010-03-29
178,eproctor,ghxI5(dp%9,49,2002-11-26
179,denisefletcher,^3T9DJATuk,35,1996-08-28
180,twilliams,@R7GUJSmYm,36,1972-05-27
181,stephaniewu,)pwherDyV2,37,2021-01-13
182,gonzalezsarah,o$K99CGy4p,42,1972-09-26
183,drogers,s&8xdz&g&G,61,2000-06-15
184,thompsonalec,)fIFjio19y,25,2003-03-18
185,zreynolds,jz1L+I614!,19,1999-08-03
186,andre43,g8#4TJWrz*,44,2001-07-14
187,omccullough,@l#41uMv&p,63,1987-12-25
188,maynicholas,800(0Q(x*X,31,2012-09-16
189,lowelarry,@$7w)rMjAD,35,1994-04-29
190,robinbishop,*PyrrYZck4,37,1999-05-10
191,anthony96,5#s14Hx9)t,33,1988-07-27
192,elizabeth77,)*5blTv_et,65,1996-09-08
193,dakota69,2NCetZv@#5,45,1985-12-24
194,christopher80,8x99rOxNG_,59,2019-12-19
195,gordonjorge,Dh$Z6U^avL,56,1992-07-18
196,heather95,I*6DTIVok*,44,1973-12-31
197,jnoble,oRJDGwtS)9,57,1985-02-11
198,carpentergregory,4Ki3TPUz_A,50,1996-12-13
199,rthomas,#NAuyq1o@5,54,2015-10-07
200,laurafowler,jrv6IBoh&M,62,1984-04-07
201,bridgetwyatt,xBkzPRTk&5,26,1972-09-07
202,uhoward,h$4CBhdroA,40,1980-07-29
203,teresacummings,$EO#1GPhS6,21,2016-12-26
204,michaelmiller,p&VU8NGrcb,46,1977-07-10
205,ztorres,c0$0WxbD&E,62,2005-03-18
206,kcruz,%54K9DriNC,26,2007-06-14
207,krista27,$qlYp%FM_2,48,1996-04-06
208,elizabeth91,x2+5Be)$#K,40,1997-08-28
209,tpayne,+0^C9Envke,51,2021-02-12
210,santosdebra,k!P6PcdNEi,29,2006-05-01
211,osoto,)7+Ic#RcX1,32,2020-03-07
212,matthew91,!fQ5MRh0QY,32,1991-10-20
213,chadmarshall,H%rgH6Blky,23,1978-08-27
214,michelle56,!p_VPi5d2Z,56,2021-09-23
215,erin12,#4&oKHv@L4,38,1990-10-03
216,mary58,v0gQ0t7d(j,63,2017-08-21
217,patricia17,+K#E0Wu1)N,19,2007-04-03
218,christinewilcox,E3+G1kUj!),26,2007-11-25
219,loriroberts,^jyMUbD(_2,22,2004-07-20
220,kelli45,)id22A1kE^,53,1991-02-17
221,paulholmes,7#&fsXYn@d,62,1978-12-20
222,warecurtis,e$*d73Mt#c,50,1987-12-22
223,taylor24,_T8$Pmfr+E,54,1977-04-16
224,elizabeth25,eb6pJhPm+!,56,2017-07-09
225,lori29,+c9RZKbi6*,33,2020-12-22
226,ramirezedward,5!$1B*+no(,41,2024-05-30
227,ismith,I@*2OfLZ+^,61,2008-06-11
228,mcbridemolly,VH#A3(PgkO,47,2007-07-28
229,christensenmary,#NAME?,60,1998-05-19
230,alicia59,syN2NfYn_y,35,2019-11-14
231,ofields,^m0oVZz&@v,55,1982-02-24
232,owagner,DZM!cpGw_5,23,2024-01-10
233,dana60,j#4+8CNcZW,26,2000-11-12
234,melissamahoney,H69EQpJn)k,64,2011-08-30
235,harrislinda,)t7Bt94U!F,39,2008-03-21
236,pnewman,$qC9SDSaeH,32,2014-07-21
237,gainesbrittany,*5e!L(r9G),48,1992-09-22
238,johnsonjacqueline,7(9INr7x%T,27,1981-05-08
239,ericjoyce,Fx&2TVwf$R,29,2022-07-15
240,woodardherbert,Y90Wjcd(%G,39,1981-08-18
241,jenniferdavis,D1KbK80!&X,30,1988-02-16
242,nicole74,&3ZyZwtWCm,41,1992-05-22
243,blackdebra,#NAME?,20,1987-08-05
244,rodriguezlinda,%0Pel)*pS3,31,2000-07-17
245,tracypalmer,d&1j)9QuGt,55,2013-12-02
246,natalie11,(PtQiJ$_v6,61,2019-08-18
247,jeffrey56,E3Wn@uys$7,43,1981-04-20
248,petersonchad,mkW^(Gll(3,22,1989-09-19
249,wolfetami,5#yz5Hj&Vi,55,1970-12-20
250,falvarado,*1lGhBMh54,55,2021-12-28
251,harrisjames,zmC1pUtq_n,52,2016-01-26
252,greenashley,(5Iw7kUtG),56,1984-08-29
253,spencererica,$q5H3Fts1B,56,1976-05-26
254,gardnerwendy,lUXvSB&b$9,32,1992-02-23
255,bowmanmichael,U(0O7Ff7)r,56,2011-04-10
256,gomezwesley,faFEQwaU@3,52,2022-10-08
257,powerssamantha,s#45PxQYuj,40,1977-07-23
258,briannaclark,e_0O6b_&4V,20,1989-03-16
259,johnnycarpenter,!Yp)0WAp51,42,2004-03-27
260,vincenthale,@33+&QItoQ,54,1993-06-05
261,rcook,#3u_FwO68z,55,1981-06-12
262,graylaura,__03*Xkk+g,25,1973-11-03
263,zhill,m8VU(pFz+v,34,1980-08-15
264,matthewclark,_XODP%Wx5e,59,2005-01-20
265,trocha,D7O#leHa_x,47,1978-07-12
266,sheilawilliams,MS%1I7Ni$G,45,2002-12-01
267,julie44,m$Ap8RaLO5,40,1993-01-24
268,uswanson,D^Pms0Gs0c,34,1975-09-19
269,wbrown,4up1B3LJ1),35,1973-12-02
270,jacqueline46,LglL!M7)^7,27,1997-10-28
271,mbrown,!RVrPk7z04,51,1973-01-04
272,ericmorrison,I#6XzKhZ2+,44,1987-04-17
273,vcruz,&sjgmQGuu6,57,1973-09-01
274,guzmankelly,%@kt6NqiIv,24,1985-12-16
275,allisonrobert,*6OkZLAbwu,47,2001-06-27
276,sanchezshelly,VeFK7DWuV$,53,1996-01-27
277,jacob44,)oOuD7cNm9,52,2017-09-11
278,patricia97,$p1BKZmE$V,62,2010-03-23
279,andrewrussell,z!2BarNCow,57,1985-05-01
280,johnsoncarolyn,(ndg(5LQs5,51,2019-04-26
281,walterskatelyn,G#5h*8ZbJt,24,2010-05-10
282,justinfitzgerald,trw8jWbgc),41,2014-11-15
283,stephanie69,)3pba$Id@F,30,1997-11-14
284,mccoykelly,dgIp(VsV^2,61,2022-12-05
285,edawson,11n6SJ8t^&,38,1975-02-16
286,vegarebecca,Bo2%OHwp)z,25,1995-01-08
287,williamsdebbie,r$7Fuo(Uky,34,1970-05-28
288,smithshelley,_H76V%me*(,26,1976-05-12
289,banderson,%_ZTPIoE9m,36,2023-05-15
290,jeffreycooley,9wgSGnzN&4,51,2005-04-24
291,hendrixrebecca,*28xr!Nh&m,63,1994-06-28
292,levi85,jRM1zDtqI@,65,1970-05-01
293,theresasanders,)0Nbw!euI1,45,2018-07-28
294,jordannicole,#Z+58HQj1h,58,2016-03-08
295,wpatel,4M8Wm#6wx(,52,2013-05-02
296,uwatson,#NAME?,49,1970-12-17
297,loweryanne,&lTkxRm8q2,41,1986-10-27
298,christinacampbell,j#SO0Vdwc_,63,2004-12-28
299,ogarrett,0#4UQYvci%,35,2007-04-22
300,harriskiara,*R*@N3l%S0,52,1976-10-03
301,valerienovak,O^)V3Xe8GH,26,2015-12-20
302,danielle93,WRm0FZ@j1&,31,2009-12-08
303,jessicawagner,2%C1za#z@#,45,2010-12-04
304,michaeljennings,G6hQ9ny4!j,35,2023-10-25
305,sarah85,A#mR!k4p!8,50,1974-12-16
306,xreynolds,%Flc+4AzOJ,60,2010-10-10
307,tyler37,J87xdI6v+b,51,1974-02-06
308,lawrencestephen,f&0WdQQhaM,24,2011-09-29
309,christophersnyder,)b8EwPSf!d,26,1979-01-20
310,josephsmith,)5$x87D&mp,59,1995-09-11
311,calebkelly,js97LLGp^+,50,1991-06-02
312,harveymaria,(m0AW%co%s,21,1987-12-15
313,benjaminturner,bn#R1JvniI,28,1983-12-24
314,emilymartinez,@QFs_7LwRw,28,2009-01-13
315,laurajackson,wb(j^XKS&5,48,1980-06-30
316,parsonschelsea,#aB3Ynv(83,52,1988-02-18
317,william70,&4Ex_Q)8dG,23,1974-06-12
318,howellaaron,L+6IohXvbE,24,1975-10-10
319,hbruce,%T0Cfhf5B&,63,1976-11-02
320,gparsons,2ztKfnqo$4,49,1987-11-03
321,gardnerrachel,3b%8DAks@2,20,1972-11-22
322,bowersdavid,kLBM7Nha(V,52,2010-01-17
323,mark94,2(I!8Cq2%(,40,2013-03-01
324,christianross,sKFMGBsE%3,29,2014-03-16
325,grollins,)k7nQyMS$8,61,2009-09-05
326,wmendoza,0Un@BYIg)+,55,1973-09-04
327,gtate,G@q7VT6uJE,50,1990-02-22
328,fleach,_ZG^8Buq+z,54,1990-10-12
329,christine87,*VK1!MNiL+,32,1990-04-22
330,flee,!0Q1ONxV$V,42,1973-11-17
331,hcarlson,DlSW+4ym$6,22,2002-05-17
332,lisa90,P*M2(LQaZ2,26,1977-06-04
333,smithpatricia,Au0fiCOSu),28,2012-03-07
334,pamela95,^kW(@jo9m8,39,2003-02-22
335,zreed,lvO%hnw+&3,35,1995-12-16
336,katie71,)@hMTHNvQ4,20,1981-05-01
337,hudsonjames,&k7RGk@fRk,58,2010-10-30
338,kelsey65,dx6tLKOg#*,63,2008-05-01
339,ckirby,j!9UxH@l*K,31,1985-07-26
340,katherineclarke,b5zPs7D$#b,50,2003-02-27
341,nancymcdaniel,ZI4V#ewz(H,34,1992-12-24
342,hgamble,bs9QPfli(8,50,2007-08-28
343,bparker,q4MzOG%s+0,25,2004-11-15
344,thomasjohnson,7r7*3UNvzA,33,1994-11-30
345,ldavidson,@4^GpmAqy2,35,2005-02-15
346,jcollins,uX8CvKV%!(,35,2002-06-08
347,brittney13,&5Qb)G$qZk,42,2022-02-12
348,mhenderson,5x6YycI9^#,26,1986-03-26
349,jorgedavis,xz50NR1n@@,26,2005-03-28
350,qmarsh,#NAME?,28,2023-09-19
351,mdaniel,Tf1f_BroP%,64,1999-11-14
352,hoopertony,@6Mp#zUV2o,58,2005-10-03
353,johnbrown,*%Cu8Fz*Uf,40,1990-09-29
354,joseph34,tI86Yg*%s^,55,1977-07-24
355,buckjacqueline,W(7h(hrnJC,42,1982-03-08
356,raybeverly,*QQRqoV$N7,52,1981-06-12
357,jeffrey22,$)b2N@lVv7,60,1986-08-18
358,henry42,AK61kEk@A@,60,2010-01-17
359,pittmantravis,$3PMPouXrQ,48,2020-06-02
360,swebb,6q2gFVqq$d,47,1979-08-17
361,ysalazar,@dAN0I%a5*,54,1978-05-07
362,mary65,2HLiOyLX(E,26,2003-02-06
363,perezvalerie,!cZIlH_m@7,43,1980-01-15
364,kkerr,6@01G)hCTp,39,1996-02-09
365,jeffery46,pBRH1GvxP&,50,2024-04-08
366,collierandrea,H21bLNFuC@,52,1971-02-26
367,yrose,h%f1Ntt4Ea,26,1985-04-13
368,qtorres,_!1MmvGUL0,43,1997-12-04
369,cynthia22,ndf0AwBzK@,63,2014-06-28
370,julie73,$tcr9Jzf)$,26,2016-10-16
371,usmith,_J7Dq^Aga4,19,2013-12-30
372,rodriguezaustin,!69eMr8PMc,25,1980-11-30
373,zachary83,(M0A8gvGS6,46,1981-01-05
374,hansonmichael,()JdPQr&29,52,2023-02-10
375,heatherperez,&TE1jJY+u1,32,2003-12-25
376,billy47,*B2pRmkLU0,47,1995-05-24
377,uperry,!aG*NHNdc2,47,1985-12-05
378,amcintyre,^%%W3SzYz&,31,1987-09-06
379,lynchkelly,)qVvXg1280,64,1990-12-12
380,seanmorris,LoXD4PZwQ%,25,2017-05-18
381,joan31,%JzCrUX44a,27,2012-09-15
382,kevin79,%TUI+Eqy9p,31,1998-04-30
383,llopez,_TBCewR24(,37,1988-02-06
384,cwhite,_4CP8Fpr2(,56,2009-02-03
385,jcook,+7Fh9Vky#(,20,2017-12-08
386,murphydouglas,!4YghT7FXl,48,1995-02-09
387,debbie31,F^T8sPrd)*,42,2024-09-04
388,dlane,(bEiV&Xyn5,49,2023-06-27
389,mwilliams,(zQaKiVJa8,36,2022-08-21
390,meyerdennis,%11KX6Oo++,37,1982-12-04
391,mccarthynicole,$$b*n2WmVX,53,1975-12-25
392,georgedavis,^d2NmNZVU8,53,1990-12-23
393,ifuller,3n79Kp3i%),54,1986-10-08
394,kellyanderson,!ls%2AvfO+,34,2014-05-24
395,reedrebecca,i_M)7JtP(B,50,1982-07-19
396,janetsutton,6+OSdnsd$T,36,1995-10-15
397,jason09,N*@6stHhZD,62,1993-05-05
398,cindy98,6T*2EJyV)9,31,2020-09-06
399,rblevins,*BH*rnUzI3,20,1974-08-12
400,lewiscrystal,0Bc0F)he$o,24,1999-05-14
401,stephanie48,3$6VOM@bzy,53,1977-07-29
402,grimesjasmine,)f6DiKPoiA,21,1982-03-02
403,bonnieproctor,i4y5WTc)_e,48,2024-11-09
404,brightsarah,E8O6k)YG^j,30,2008-11-10
405,ybrown,$wF1pTLjv+,50,1981-09-27
406,zwilliams,(F%X!5Dvg4,65,1980-02-20
407,scottlloyd,$_20PvMY4),44,1976-02-27
408,ocooper,)UZ3mL6R0y,56,2009-11-13
409,xfoster,G@z^5GXeE7,18,2017-02-03
410,shafferlori,aB!q9Bjv_2,49,2024-06-18
411,maxwellsullivan,K!5sG&dV^K,51,1989-03-30
412,michael67,t_64nAaxQc,19,1994-10-03
413,aalvarez,H7XsxnaV(x,41,1985-10-17
414,emma90,_4x1A+Bk_6,55,1987-01-13
415,nelsonpatrick,j9wQVJVc$j,47,1992-11-14
416,gcompton,ky9owBGo&q,63,1994-02-05
417,devin07,Xy$e1XvDj%,21,1987-11-27
418,benderjessica,UaG!3cCcDW,38,2008-04-27
419,dannyross,2OMELSDk^0,19,2002-04-10
420,dmejia,LpJ0UYv&_!,28,1988-06-27
421,parkerjamie,E8)vGjZp(r,30,2019-06-14
422,kristenhumphrey,HRTx8XOi#1,43,1997-01-23
423,julia37,L8u3G(fi_3,28,2012-04-10
424,bblackwell,R*7Ndfk6+$,49,1972-06-25
425,freemangabriella,14bQ_AsN_6,33,2005-10-23
426,vcarter,0jY8+_Wl&X,33,2002-09-01
427,christinajackson,x1JGSTLy_c,44,2022-02-17
428,millerjessica,n%P53NQqs%,21,2024-08-14
429,rjohnson,9b80ByXd#x,55,2016-09-23
430,melissa68,U(2TlWWQU_,21,2019-01-10
431,xlarson,ZkK7Ttco)f,40,1970-03-07
432,kent53,r(T0juWzP(,19,1977-01-30
433,dennispamela,(sKy$K4rb6,20,1973-08-25
434,burgessnatasha,)S$*2UvjJl,59,2011-03-14
435,michaelharris,Nx7!8HCwT#,44,2009-05-23
436,caldwellwilliam,+aG&2ZhQ4E,50,2006-01-28
437,jacksonbenjamin,)16_b7XiTh,55,1985-08-17
438,jamietorres,#NAME?,45,1991-04-15
439,sharon20,8w7GFGYd2$,34,2014-08-17
440,courtneyfigueroa,tJh45&Ij7@,27,1981-04-03
441,weaverpatrick,y&1KbUP%(I,45,1978-08-02
442,fjohnson,0)2aK%Ainq,65,1989-09-24
443,julian84,7+0OIJfZ+N,30,1996-10-28
444,christina32,^EvAEN!j+6,34,1977-04-18
445,awelch,zYo2Nnj70*,59,2017-11-19
446,jasoncooper,TB@7R^@kA!,44,1978-08-09
447,pamelapeters,I4B%Q0wt#M,62,2019-10-04
448,zmartin,d6XfHJhc(n,30,1993-02-12
449,edwardglover,%Lr5Da%5q2,54,1988-07-18
450,robinsonalyssa,^_9WovIAcd,22,1972-12-19
451,james95,om1EPx^y$#,43,2006-12-18
452,tmitchell,cl4NVEwi)D,39,2000-02-06
453,nhughes,_8XrUlG6$x,26,1982-04-14
454,thunt,*S5Z2vccNb,48,1981-03-11
455,alanchristensen,X!+z7Iym11,23,2012-08-04
456,madelinebell,18%Iv7Ba)D,45,2022-04-03
457,jeffrey78,%8*sFI_g1s,58,1970-06-03
458,krystalmaxwell,)94BJ#xf23,58,2012-10-09
459,jamiehenderson,57ANLkHh_4,50,1992-12-21
460,eileenlang,$51xA8z3c&,35,1983-08-31
461,renee90,30ln8Qgl%6,25,1990-02-16
462,jerry63,@N@$PwUtq5,33,2006-05-25
463,harrisjames,+5lyYJyg2y,40,2017-05-29
464,obanks,l1fLnWzU)q,24,2021-12-20
465,angela16,3a6X0vPS%9,19,1982-01-06
466,albert46,%f8MkRg#n+,31,1991-09-07
467,hobbschristopher,#NAME?,46,1997-08-20
468,rhodeswilliam,b(8AW66m%8,57,2022-06-07
469,millerrussell,*lUr&!BXL6,54,1997-07-25
470,stewartjennifer,lwG(wo^p+6,47,2009-09-14
471,esanchez,ij%e40VvzL,47,1989-06-09
472,shawshawn,U94pTgPLX^,52,2004-09-14
473,dduke,^8gWF%xy#n,22,2022-10-17
474,lthomas,7F^q5VBbBd,58,2018-09-03
475,christinakirk,%wu@5FOE5),18,1987-07-28
476,ogiles,P9Vhmp2m%i,64,2024-09-03
477,jessicabell,!VbUnKqA76,34,1996-07-28
478,gainesjohn,XXUfh)sD^0,28,2017-05-26
479,jenniferjenkins,i2EVTU&j)Y,37,2009-03-19
480,james61,&)q0ElrvLq,28,1977-02-16
481,morantroy,5+m9UV2bOH,43,2013-09-23
482,adamssara,w24q3CHj@M,62,2017-04-03
483,rmurphy,oK0_qD@w$1,32,2000-06-30
484,kimbilly,+7PU4sewGU,36,2015-09-16
485,kathleen09,HGZ&6SgVWK,58,1991-01-22
486,testrada,+^GGJwWjX8,31,1975-08-05
487,ltaylor,Q!5)tUiJ!1,22,2008-03-05
488,ryan30,g7MWRdfO)I,44,1980-11-18
489,brownjames,^l59+Sx!U#,28,2002-09-02
490,molly28,@dO8O4$x$3,57,1985-11-11
491,christophersmith,!c^wSE#6c5,34,2021-02-19
492,ohogan,B013XOYt%b,61,2014-03-14
493,jesse70,8ssD3En2!U,19,1996-12-07
494,tiffany84,x^q1A%bmN0,43,2004-07-13
495,cdillon,(Bc76CpkLe,26,2012-05-22
496,tara89,Q*6HQ5qd9^,41,2007-04-10
497,nhopkins,v+_7^TmmHK,47,2007-06-02
498,qsoto,X$76zAAj$6,37,2003-02-01
499,gibsonmary,!6q&FKogGg,36,2009-09-19
500,tarabeasley,&4NDQtTlRn,20,1972-08-06
501,bradfordcynthia,_95)aTvr3m,21,2003-06-12
502,ereynolds,^gGN+%K42),59,2016-08-26
503,arnoldjohnny,pTUm0TEmw%,47,1986-08-18
504,laurenboyd,TV#M4SXiR8,47,1995-12-19
505,timothy85,^sM6HM*t7A,20,2001-04-13
506,jose11,@g5!S7Zx99,30,2012-01-11
507,carrie81,(LzN1sSpAP,54,1999-11-12
508,uwebster,_y&q5gCz+!,21,1996-05-04
509,robertarnold,F!C!0Kqz#+,59,1995-03-15
510,hbarr,GfRtMf1#@6,56,1977-12-21
511,mwood,@*4wtZWoq0,48,2001-12-17
512,antonio73,@C6jhLRwS8,42,2001-09-10
513,nicholas15,)cRsMYpwn3,45,2019-07-02
514,brewerashley,%vbK0F7cQ_,53,2010-07-09
515,maria93,@5PA9AhNdX,51,2002-11-20
516,ramirezbeverly,o&1KeZoVuN,46,1994-05-01
517,manningbrittany,zkL4(PKr^j,53,2020-03-10
518,zwilson,%dEXaxF6d8,23,2021-06-10
519,ystuart,_v3EI1Aok9,63,2021-09-05
520,webstersarah,%IaFQmz966,57,2014-07-23
521,jacobsonamber,_!0$ZLn*%x,26,1972-06-02
522,gallegosrichard,r(1OOSnj$_,20,1993-04-12
523,heather85,0OF^z6Wv#0,59,1975-07-20
524,gjones,!@qo0Bu@g_,22,1982-10-08
525,jhayes,@E*S_%my7j,63,2003-06-22
526,kenneth75,5wXq%sQy!x,57,1988-10-17
527,martinezgeorge,RqV_1XfoG9,44,1982-10-29
528,chicks,#(7+rAurKD,54,1979-03-07
529,mariemartin,eby47YAh*a,40,1997-12-22
530,craig71,BJLk0cPg(4,21,1992-05-13
531,wyattmichael,wSj&#2Am#_,21,2006-04-24
532,perkinsyvonne,lR9hyB6dF&,24,1996-09-14
533,robert15,+6fmITHkTM,42,1982-09-11
534,connie97,u6!8Z^vg8X,65,1988-07-04
535,myersjoseph,(zF*a8FsV6,56,2014-09-11
536,mkeller,bl77a#Tcc%,29,1979-05-28
537,monica96,M*5jnGsm(Y,64,1999-04-16
538,justinbrooks,@2vBx+dxnL,19,1979-01-19
539,leslie71,Bq1SWmFx&a,61,1986-07-30
540,xhunt,6q9xbMaXc$,48,1974-01-11
541,garrett31,*)3IVlw3*D,33,1974-07-19
542,gcruz,0r+SqTYp)T,49,1984-02-25
543,kristinasmith,WF9k(D(h+Z,26,2020-04-28
544,sydney01,@UuEAc3%2q,62,1990-08-10
545,williamstravis,kz!0Ceph)X,21,2022-04-18
546,donnatran,^6*RR(CuuU,32,2024-05-18
547,ashleycallahan,gi6#8Mr#+&,50,2021-11-24
548,kelly59,_Lr4Cda77(,59,2009-11-02
549,pamela23,tPA4aSGu_J,42,1987-12-04
550,holmesjose,b8tk9JwnB%,27,1995-02-10
551,eddie85,@7+NC9va92,20,1976-09-28
552,uanderson,6_8G8*Gow),60,2006-12-09
553,qmercado,B+21I*WiPW,52,2005-10-21
554,qadams,!vtNv+gi0k,55,1995-08-28
555,summersamber,(G2Ym&dPGF,18,2021-11-21
556,tara37,%u4BUiNgKd,19,1978-04-27
557,jonathanbutler,tej4NfgZ)s,28,2017-08-13
558,elizabeth79,r#8F7QtB&!,59,2013-10-09
559,donna96,J*1URaB(qh,44,2015-10-13
560,xrosario,^v8HIw_ku9,46,1997-03-13
561,anthony37,_9AD2gXHz^,54,2018-06-06
562,annchambers,^Zn0CUbbnD,47,2019-10-24
563,blakesmith,qHcUMV&L*6,47,2001-03-16
564,dyermeghan,_@7hEvWW$^,60,1980-03-11
565,cookkaylee,!7PS8zbQID,36,1972-08-27
566,novaklaura,#h4YCtxQHg,43,2000-02-28
567,denise58,cV8!IfMnZ*,46,1988-10-21
568,philliplong,j4SxsW+M(S,28,2011-11-02
569,danieltanner,_9*2DpkD@3,55,2018-05-15
570,hansondonna,67Ld9O3x&b,63,1982-05-29
571,robinsonjames,_0CBm8fBpt,37,1973-05-09
572,tharris,m!62wgDgG6,62,2006-03-25
573,phillip84,_9cDG(c^h8,33,2015-01-15
574,jill97,)wX+nH)2V4,61,1981-04-09
575,thompsonisaiah,2xRQASR8S),51,1995-03-10
576,shepherdkristen,vnY5jPgi(e,37,2018-08-31
577,jacobsmith,p^b8K!tGw&,37,2017-03-19
578,davidjoel,@h8EnL2bOi,28,1995-05-30
579,teresamiller,8Ha)3MBw)d,42,2017-04-29
580,ashley18,c*9PLw%5c&,32,2001-12-11
581,timothy79,BB)0(4fxy^,61,2018-12-14
582,kevin47,!0(_1^Fi)E,50,1978-05-21
583,heather61,vp_Fz(t((1,60,1973-11-14
584,xjohnson,Nc0P9Kr0$(,22,2008-07-10
585,obenitez,v1*HxPQ2_j,19,2007-07-12
586,taylorkim,@5wXiNZuHY,31,2007-04-02
587,laura48,jPCOLoa*(8,38,2014-12-17
588,luismoreno,*UDGYu%$0a,41,2011-01-15
589,sbanks,Q&3AwVGeZo,36,1985-10-10
590,michaelsnyder,*DVC&bKEn2,47,2001-07-01
591,maciasmichael,2EGR(c+5_Z,19,2018-11-05
592,alanharris,^a9)NcyFaM,30,1978-07-31
593,laurieellis,Fie($7CrC1,44,1988-08-14
594,smithmegan,$0PYsR0ns7,19,1976-09-06
595,kimberly91,q7OajFsq(Q,34,2016-11-12
596,ssingh,KQ4XQcll@w,38,2020-08-01
597,michaelstevenson,Bh#1t%Og1_,25,1998-04-29
598,fitzgeraldbarbara,k!6ZR!QxBW,42,1993-10-25
599,brownveronica,bzD4Uyt2%Z,57,1980-05-23
600,theresa91,U9ZiZ%lK!t,34,1998-03-08
601,stacywilliams,0@qF0MNaHY,54,1979-09-12
602,hansendouglas,qoh1UR7b)2,36,2013-04-22
603,rprince,05NPNV8w_D,27,1980-02-21
604,cody63,%q3Swg*4@c,34,1991-02-28
605,clarkekatherine,ewLc9EkQQ#,58,2001-06-23
606,olsonsarah,@7F3b@VnaM,38,1999-08-28
607,alicia43,_9TlDXhT8Y,59,2022-01-29
608,ctorres,cUl79dCr)h,23,1990-05-11
609,sharonrojas,*P*S%uia)2,19,1992-01-30
610,larryprince,)nS50Of^(4,28,1980-10-01
611,sarah16,3@2TOgTyA$,58,1994-06-04
612,lvalentine,P^2UcIVAQl,39,2013-05-20
613,jennifer69,$2h*ZthtWz,20,2001-02-10
614,jbell,@81WvjqSxD,33,1988-02-03
615,joshuadeleon,SaCx4LXiJ#,62,1997-11-07
616,erica32,baxq21Ee^!,33,2000-10-13
617,johnhamilton,9DZ_W0z%)Y,58,1978-04-30
618,nortonangie,%B%09iDm45,56,2022-04-24
619,edwardayala,_*x8!Wx$)V,53,1974-09-12
620,ygood,^(5S6G&zuF,31,1982-03-08
621,johnsonkelsey,_d(3NSDpc),21,1975-07-12
622,jtaylor,(7M*oAdgls,32,2005-10-31
623,davidmoore,pt3EbsTm+J,56,2002-02-05
624,hardingeorge,$s2Ig*UgS),24,1998-04-14
625,moorekelsey,wXpY9Mbye^,28,1979-08-29
626,sean33,rc8W4+tb)n,52,1989-11-13
627,johnwest,P6bt9gJg+Y,63,1990-10-12
628,lrojas,+5ufUc@Jyt,30,1982-09-28
629,davidmiller,@5QTy)%2*M,18,1981-12-31
630,rcooper,Kl5BpqK1s@,28,2019-08-14
631,christopher96,*62640Hof(,49,2019-04-11
632,srobinson,#^y7pN2k6$,55,1992-12-19
633,xholloway,@1RBvR3UN2,50,2007-07-09
634,zwashington,0*98mnfT+E,53,2000-05-31
635,sotoalec,#NAME?,27,2006-08-31
636,christophercunningham,%rwX1Po*H@,51,1994-03-23
637,garzadustin,M(O9&LAacm,36,1973-06-27
638,gjones,(HELHJg@A0,20,2000-08-29
639,lwarren,*3@^6SRvCq,29,1982-01-07
640,carriegonzalez,*77Qz6Hlk#,37,2001-12-25
641,valeriezimmerman,gC1S!6wn9#,25,1994-02-10
642,lmoyer,**^FikUpJ0,37,1981-07-09
643,mcdonaldaaron,9aMeMzAg+l,46,2002-03-27
644,sbutler,&1JaKalysS,24,2020-12-25
645,timothyharris,3*GF0KMq0o,24,1999-08-16
646,mhuffman,y8E!YRgo)6,50,2010-11-20
647,grace87,Yb@4NZad@^,56,1992-01-08
648,ashleymyers,O3ER8ALy$&,38,1982-04-05
649,joe73,6RGGJXzh_k,29,2014-06-23
650,brianmadden,1S!5ZcfjsQ,34,1977-03-12
651,kristen58,7u*fX_jj#F,19,2021-01-22
652,candicepark,Xv!m4HSd*e,32,2019-08-20
653,chenderson,_i)3TVn_bt,39,2016-10-30
654,nchavez,eY1FtKkQ_6,45,1990-03-01
655,hurleycharles,4c1^FMmg+*,61,2019-11-13
656,davidgraham,@2S0)svAg^,62,2023-06-06
657,scott06,e9P_%Jpy&l,65,2007-09-12
658,mbaker,&8+31QJy91,26,1986-01-15
659,chawkins,n)9NPPNe_b,36,1982-10-29
660,glen57,)HpXk4V6Y7,28,1985-06-14
661,adamramos,#1HCv5tb*i,28,1978-12-04
662,petersaaron,)68CXfqhlA,49,1976-06-13
663,tina87,%y2IdW)u8u,59,1981-10-18
664,melvin37,0)@^1Tsw_F,34,1977-02-11
665,gonzalezpatricia,!5Hf&BNFv9,44,2022-07-27
666,nhoward,%8H7F*c%A@,52,2009-05-17
667,owilkinson,*(_8vDbv$D,45,2011-07-08
668,jenny12,!9DGsbHe^@,28,2004-06-25
669,rosariopamela,x4$!U6rz@(,32,1983-05-09
670,jamiereyes,MGg61l%h&5,51,2001-03-12
671,novakchristy,I91N4khG!4,19,1976-10-10
672,thomasvirginia,&(3Ne9oF2z,56,1979-04-10
673,chelsey68,uSe1oFdtG$,64,2001-11-11
674,susan27,6N89#XtV+&,65,2013-06-25
675,ezhang,&1mMDU%s$9,50,1971-01-06
676,brandon57,WI9TfNsn$g,56,2005-11-09
677,christopher60,_Df0B#dgFL,32,1993-12-07
678,douglascarroll,E0U2uJx3&_,44,1986-02-13
679,cindyvance,x$b!1OaR0p,23,1995-02-28
680,hoffmanpaul,c^JP+z2l+8,35,1983-10-20
681,wenglish,ef)u4nRj++,37,2008-10-21
682,cyates,tB*5W4^g)r,57,1989-05-26
683,kwhite,J)98Pc@d7g,54,1980-03-31
684,lopezjocelyn,(U+ZUSLe2$,59,2012-04-24
685,heather44,#HJrIXHc!5,41,1993-10-08
686,otaylor,^6A5ED@Sdf,31,2012-08-29
687,campbelljeffrey,Qa3IPQdi&a,46,2024-09-18
688,jessicasanders,!4EDz7axV6,34,2020-05-09
689,leechristopher,M!dW#39bKI,65,1977-11-22
690,fletcherzachary,@oS^ldIXf0,46,2009-02-01
691,hughesanna,@*^^1WqFmX,52,2006-04-28
692,angela86,n9xRJVGw$0,53,2007-12-07
693,qhernandez,bHS+Yf7r!3,58,1976-12-19
694,fhenry,!enmeGciu5,24,1995-08-16
695,hwright,Q&d1LwfXEO,33,1982-05-25
696,shannon19,w7*6YWfk6x,28,2017-05-09
697,zamorashaun,t&uG2X5Hrb,24,1998-07-28
698,stephen56,jfWMJdLG+2,24,1982-06-25
699,david48,j6)vPy!4&f,62,1999-06-19
700,meyerskevin,wJx$0D&a)1,49,1999-06-22
701,amcgrath,P0j40QWv)$,59,1985-07-02
702,tracygreene,%0Uo8LKrzP,58,1999-09-11
703,theodore06,1l3KV0Kz_q,46,2013-11-02
704,julie80,1(8We^ZLKV,63,2010-08-18
705,robertwebster,io7u61R$Z!,57,1998-05-23
706,gregory03,S^%0EUlmcA,64,1971-12-24
707,lcunningham,e(2JgfLu@!,26,2008-06-26
708,wongricky,Ai14zElo4_,26,1998-07-25
709,anthony59,13C$zslq*O,36,2012-04-17
710,josephramirez,$9$Y@XpahY,19,1984-01-24
711,colleencook,CG_7OL8r#R,45,1973-12-07
712,gregorylopez,NSn@F1HyBj,23,1988-04-18
713,jamie74,*S5FxwyBtV,43,2012-04-29
714,mcgrathcarrie,@j8oK@usV*,20,2014-11-18
715,john95,#3*9iohkmA,28,1974-02-21
716,lisabarry,8*5Lr9u##7,60,2010-12-03
717,toni97,)Jh2Qn%$+V,58,1975-03-19
718,hillsamantha,0nmYa2Zc%k,63,2012-01-04
719,rachelrichardson,!RRF9*dFB7,27,1994-07-07
720,williamwebster,)N%F6GhAiQ,55,1973-03-09
721,sean16,nYY9Wtek@s,65,2021-12-17
722,levans,&3dtrO8hk9,41,1985-09-09
723,veronica83,ie7D)6d$_U,32,1995-09-23
724,jennifergomez,h0Ql5^lV+d,20,2011-10-30
725,christine83,WeybEQ%3@9,47,1998-12-29
726,davidkeller,7s8WYz7$^z,58,1999-07-13
727,jenniferedwards,MuZnLyjv^7,45,1985-05-03
728,andrea48,^2TltqxeH7,63,2020-11-10
729,anna77,)8N*dqn@Da,47,2006-11-24
730,hendersonsharon,8$W5%Hza^6,21,1973-09-29
731,arnoldmatthew,#NAME?,35,2024-01-16
732,zadams,B&H6Y6Na@Y,50,1988-03-09
733,cameron33,_udT6UaVA@,25,2020-09-29
734,sarahmathews,oXWh#yQw^9,40,1972-12-29
735,diamond86,Mr!KYCyL^9,30,1992-01-19
736,nicholashumphrey,@2bOkVV@@h,55,1996-11-09
737,bellmichelle,#NAME?,26,1977-03-28
738,taylor27,XzP@F%fD&1,22,2022-04-05
739,lopezmark,FYJ*1DsT1z,38,1981-04-09
740,sparksjoshua,#VgK+47Wn9,47,2006-07-28
741,james18,Ok($3UKg6),20,2021-06-01
742,christensenpamela,2_F9+WnTCZ,39,1990-11-17
743,sabrina42,!6*24Vv*gO,36,1972-12-18
744,linda63,*N2@HjhG%y,28,1998-07-16
745,jasonjoseph,NuRMK#*r#2,57,1983-05-25
746,alexanderesparza,)tRBIRZx2s,57,1987-09-16
747,pwebb,*YRnG!7j4g,42,2018-12-20
748,floresdanielle,6^l+LV&e*0,63,1993-04-09
749,hdeleon,&IKYjB2I8u,42,2024-06-02
750,james40,Bp1a!WRc)1,31,1987-08-12
751,mark43,+9KThY)L_),60,1989-11-13
752,karenmartinez,2DH*NvhJ+x,58,2023-07-30
753,samantha03,LT2JZov&*&,49,2023-12-10
754,emorris,h*9yh@jhxC,51,2005-10-18
755,rickjackson,6lC7a!dN%k,43,1976-01-19
756,danielle01,#xi9Log5@_,44,2006-01-04
757,maymanuel,%3%8CYop(V,22,1970-10-13
758,sotojulie,g*J0Q+Rv%0,25,1978-03-14
759,barrettmichael,b%ChQCjE(3,34,1986-05-29
760,kelsey52,!PAdVbSeS2,40,2015-04-05
761,willisjesse,%sn7IvOv4o,20,2016-04-14
762,alexandra09,KS_G95HfBN,33,2013-11-14
763,rmartinez,#NAME?,45,1982-05-02
764,ashley26,D)8TQcxx@F,24,1978-11-21
765,daniel66,#1gwcaVktT,41,2019-03-21
766,sheltonsusan,$p^3IO4ozM,18,1992-04-15
767,williamskara,Qa)5X6i*V8,62,1975-09-20
768,ohayes,dd6JEf$ES_,46,1971-09-14
769,stephenpierce,981TprW8^L,62,1971-12-25
770,qhernandez,*0XW3kl5Bq,31,1978-09-28
771,simmonsashley,$C7g!kVbvA,32,2011-11-20
772,stacy55,(qB5Mm@29o,40,1998-01-01
773,bakermark,rD+Z6GwpLM,29,2003-12-11
774,tonyfowler,Hw64_AZz$),53,1982-04-10
775,peter70,#NAME?,46,1989-04-11
776,daniellenewman,_9eFxOmMBE,24,1991-03-16
777,roberto49,F24lrIoG_u,24,2008-10-20
778,ngonzales,F(2A_qgCF8,52,1991-04-07
779,parkercindy,y+*8PkAD_9,24,2014-09-19
780,logan79,#2l1HQh@$#,21,2016-04-21
781,kaylagross,#8PIHxajjm,51,1980-05-18
782,yhinton,bw49hAn5)K,29,1980-10-12
783,andrea59,#AXJ*BvQ4d,23,1981-01-10
784,isingh,!r0Buua2fB,29,2014-05-19
785,christianreese,B(8cFIsrtE,51,1981-11-29
786,morgancasey,!sPeKW3EQ8,43,2014-12-30
787,carljones,Oh&22yQsj4,23,2007-08-16
788,timothy00,#(AsL)To74,61,2001-06-18
789,ywarren,*Aw2bYp(*3,26,2016-09-14
790,ryanglover,Ba#5I3Uv!8,43,1981-09-12
791,david29,$5%JYrgx5t,65,1998-05-25
792,mary34,*vMqPyjO+9,20,2006-03-31
793,sergioriggs,1o%m7Efb(_,51,1972-10-24
794,jasonjohnson,@6(G!NT&Ol,60,1981-10-07
795,hvasquez,m52Dg!kL^H,19,1975-08-08
796,morancatherine,U$2O33(hHN,65,2022-07-14
797,jenny53,p+Uz6D&ep4,28,1981-09-14
798,craigguzman,_oG2IN23e#,46,1984-10-06
799,nicholas36,s&2NACfQFo,25,2014-03-21
800,rwhite,#BSRu3o0h6,49,2024-04-19
801,benjaminmckenzie,+0SXYTUvAA,38,2022-05-03
802,christopherpierce,316tG1Bmi!,36,1994-07-03
803,gary53,(64fuHwlAr,20,1973-10-15
804,moorelisa,kn!2Kx5Ctn,21,2006-04-28
805,ihutchinson,QoZ0KsRb%@,54,2003-01-27
806,kristin11,u_9Rk6eJf%,35,1999-05-18
807,sharoncarpenter,)@8VG5fc8T,44,1983-02-19
808,vpeterson,cMc2tWUm%O,46,1979-04-22
809,joseph30,&x(1bOpMv0,59,1995-01-26
810,johnsmith,si$4X4Kb*D,34,2011-06-01
811,bakerangela,#v3G4zb9W@,62,2023-04-26
812,jeffreywilliams,%on)9HQmx%,51,1977-09-08
813,georgesimmons,(b0FcDcf%1,59,2022-05-21
814,michael47,81Sh7yCl_v,34,1983-11-21
815,uhall,_pgVlhUuD3,29,2005-10-30
816,pwilson,0xG1Ipgzj),50,1984-02-29
817,bpatterson,o+0rPIaQGT,61,1978-04-02
818,crystalpoole,!%Q#OEgxu3,41,1975-11-17
819,linda21,cxp8JShOc$,40,1984-01-03
820,jenna66,D!rP82kXTO,56,2018-02-12
821,amandahayes,+)@Ag6qDk0,34,1992-09-30
822,josecoleman,&(4DyeG6D5,33,1971-02-01
823,harrellthomas,!6AJ3H8lS9,44,1976-01-12
824,bradleyperry,E85EiCf$@G,38,2010-08-07
825,hayssavannah,#NAME?,30,1972-07-19
826,hannahfreeman,+7FkXGB2B9,25,2021-01-02
827,robertharris,!QK!)PUYr6,19,2017-03-28
828,jacksonjames,9s@8Yslz)+,34,2005-06-26
829,anthony51,q&3Zdu9MR!,18,2013-07-04
830,campbellamy,i$@99Lja+9,24,1998-07-07
831,josephtaylor,(F7MUxptB0,25,2001-06-16
832,megan62,5e30nZuz$9,54,2014-01-04
833,nolanjared,)9Z^uex1vz,20,1971-10-17
834,ywood,!x*Ainc$#1,58,1980-01-21
835,yatesdavid,34EO$2*l@j,36,1974-11-26
836,leon95,(4hjQaQa!q,39,2014-06-12
837,toni49,**Jy8FKF^6,27,1992-04-23
838,qcarpenter,$gNtCpR*O5,32,1982-12-09
839,wwatson,#7Wx4*P&E#,32,2004-11-25
840,wsanchez,DA!5UfJ(k),51,2005-07-25
841,aperry,a^49Bz6pzr,18,1976-04-22
842,chanjason,G#8XSUrvs@,35,1988-02-05
843,andrewhall,xMtKo&xU#2,36,1971-01-19
844,yharris,%5VuQHeNDh,21,2023-04-15
845,jacobsonkatherine,4fAHlRf@%d,38,1973-04-17
846,kevin48,r%(1(lix2D,31,1983-12-18
847,jennifer92,8cRuXJYc!(,47,1990-05-06
848,veronica13,Q3ed9U9aa@,47,2004-12-22
849,michaelgallagher,ssU562Pl!H,20,1988-05-04
850,carterwilliam,2wmN6NQj#K,43,1980-10-26
851,ccarey,ew12WpF7X^,19,2021-11-04
852,richard44,m)@*0Vg%WF,36,1998-10-09
853,angela31,$@S7WCygV#,61,1990-07-22
854,dwilliams,*P7(uDvf_z,41,1977-03-18
855,seanbush,%K031Yog!f,24,2002-08-10
856,dawn99,BxCmUwia&0,43,1982-04-04
857,steven78,G8aC)38b)E,59,1993-06-02
858,perryfletcher,R+Pbv&De)2,37,2016-08-22
859,laurajohnson,42oKIyrX*c,63,1983-09-09
860,davidmiller,U@2cIr*M#a,63,1995-12-13
861,dwoodward,O!1Y2scI&C,29,1996-07-23
862,bridgesmichael,%W0HMptq^7,20,1996-04-30
863,kherrera,w(x9yDSh+B,30,2000-09-05
864,mhenry,(U8QKZOv!u,32,1985-09-04
865,martinezsandra,kKYS#MJi+4,30,1970-02-26
866,leonardbond,m82fzCog@d,65,1982-08-21
867,don27,a$#24IcIk*,63,2007-07-30
868,mullinseileen,9nZZ5fV^^8,43,1997-03-17
869,zalvarado,$8PsRblUxf,25,1998-08-10
870,dennis88,Rw+0JaGbW*,46,2023-04-24
871,michaelgonzalez,K%jP0YLoiK,42,2016-09-01
872,jamesjackson,v8SDiHNo&U,23,2008-09-28
873,tonyrussell,t_@&9#YbJ4,43,2013-03-21
874,kevinflores,lj7ROda)+0,38,1979-01-26
875,morganstephanie,hQTO%3EhPL,64,2018-01-13
876,kbaxter,un7MUnpPo&,21,1991-02-06
877,lisa03,!9YT1xHpmI,38,1986-11-29
878,davenportmichelle,ft2SK9zN*s,46,2015-05-12
879,thomasmatthew,y5%KyR^f@K,26,2022-08-11
880,daniellebrady,OMLpS*BV@1,21,1971-12-24
881,clarkdennis,(i0ZJxSgN*,47,1996-09-16
882,jonesjustin,f(7pS8vx#&,49,1973-09-06
883,vsmith,j7BrWs+r(Z,33,1993-04-19
884,frankbuck,w)6iK5oD7s,49,1993-11-11
885,wrighterica,Oe0j%AhcS!,24,1997-11-05
886,bethmiranda,B^+a9K*n(V,53,1975-07-03
887,maria30,y&n!i3Ie+g,19,1991-08-12
888,michael36,x^89IKKo28,58,2019-11-29
889,danielwilliams,)TYZ*MyKQ5,34,1974-09-06
890,melissaschmidt,%hRRDgik3y,31,1991-07-08
891,lmiller,C3(Ldyby$a,40,1986-03-10
892,jchan,wlN83pSr$#,56,2001-06-05
893,alexanderhardy,y1TEuf0%+F,51,1981-08-22
894,john33,+32EJNo+iT,48,1977-09-27
895,privera,+98dVt20vL,48,1975-06-25
896,travisflowers,ytW_9iKp&&,35,1996-11-18
897,wmacias,(lcSJ0PjWP,33,1984-11-28
898,gaustin,(f2Fr_13w1,20,1998-02-18
899,mgates,rjXSI&Hs*8,65,2004-12-04
900,vadams,_QA2UpxAEb,29,1979-12-27
901,clarkchristie,JJ*6bPpF)#,57,2008-11-09
902,arthur41,zo)6BWkuDd,36,2023-10-12
903,edwardfrancis,%A3kY!odm_,64,2018-05-02
904,johnfowler,1f6Z+LXz_K,35,2006-06-06
905,juliemiller,O3aLQk4e&X,52,1993-04-20
906,agiles,8!)8V4n!0Z,18,2007-09-12
907,dawn14,*cQ%XR6g2%,61,2017-01-31
908,stephanie60,g7YBpEKj)k,59,2018-06-17
909,robinsonsteven,%Xk6GFtlR_,29,1973-05-31
910,dharmon,l8^*o6DstF,57,2001-08-09
911,amyevans,!Od5XXXo)D,52,2022-04-30
912,johnsonkeith,%cXjFMPk7y,65,2004-07-08
913,duncanshelly,k+Vj2AqGLA,48,1982-09-28
914,bmiller,%4ADc98p_i,65,1979-02-28
915,pagedaniel,B5r91nSz4+,56,2023-06-12
916,laurenbond,t(G5*WzVpu,57,1991-09-08
917,tiffany25,%PcxueBFw5,50,2020-10-18
918,melissaanderson,%0*Xr^JoDR,28,1971-06-04
919,michaelmartin,@f8h_SZqmw,52,1986-06-05
920,deanna61,*kXTV%pq@2,44,1982-03-24
921,patrickhicks,v9Z4BUlb!H,51,1979-07-31
922,abest,8Du!JhtN!g,32,1986-04-20
923,lmoore,9Z(OXmrS_0,46,1976-08-20
924,juanbass,yi4m4XfU+w,49,1996-04-29
925,rmiller,(&9nA7Yoxz,20,1990-02-25
926,leslie50,^9gf37xsbW,55,1983-05-11
927,donald48,+J%Z%3La7t,60,1981-07-03
928,shepherdandrew,%@RcL9lp9y,42,2022-10-01
929,christinasanchez,NgY$9ZbAKN,20,2002-11-04
930,trevinopatricia,^tP@6EkC8d,55,2003-12-20
931,jpotter,%1A%M(gR8s,61,2000-01-04
932,adrian57,!6qGk4ulNu,43,1970-08-13
933,alexanderjudy,O!9%Wr%u)l,59,1971-10-19
934,harrisjesse,*7*xIJTfB3,41,1973-04-30
935,brittany61,35c!&v&w&B,34,2022-12-31
936,jonathan39,%9Nomg$_5I,20,2015-10-08
937,matthew76,0k@3Mpk*!E,63,2004-03-13
938,cindyallen,h5db%Y7j)4,47,1993-12-15
939,christopherhaney,iEYz7xkN+5,37,1972-10-16
940,lucasemily,*6!eJNscgG,49,1988-05-13
941,rebecca54,wT3LUu7$!^,20,2018-01-23
942,jonesethan,&W8MfWUQ!9,37,1978-07-14
943,qgill,&8(B!4t9ZF,22,1980-07-30
944,stephen42,34XZDerb)c,21,2003-02-16
945,athornton,)c84Kw4le3,35,2023-11-10
946,denise27,te0Vk!jWb^,60,1980-07-10
947,olsonjake,$61P#MFgXJ,44,2009-05-29
948,gjohnson,da3FK)jp@*,31,2015-07-27
949,ugutierrez,R&3VXmyBG*,41,1970-01-24
950,brownalejandro,!CS8MEcB*k,49,1986-10-08
951,uyu,N^1oWh9Pq4,59,1994-03-25
952,johnsonanna,1bByW7in)7,55,1994-09-21
953,eric52,&cDfDBr!l9,52,1989-06-08
954,cooperlaura,#QSKL5pAY9,24,2004-06-21
955,wolflisa,$SjKBkZF73,46,2005-07-07
956,traci54,@yBQRf3z8),58,1994-12-24
957,connor28,@fGTzZX*#1,43,1972-10-24
958,dudleyderek,bogzx2Bmb$,33,2015-01-22
959,curtismartin,%bR1F4e9dh,35,2004-12-06
960,crystalbarton,%@2GjF*qFl,20,2018-01-25
961,johnbailey,e!9RQ32r3A,38,2014-03-27
962,robertfowler,!0O5cfYuGq,58,2021-04-21
963,jcampbell,+9Xm@n5HUN,57,2007-08-31
964,elizabeth10,0QOrWK(h#3,60,1994-03-16
965,mcintoshstephen,S0YapcLJ$Z,49,1999-09-05
966,lowejoseph,W@8VY$1*Aq,47,2002-11-17
967,cruzchristina,_G4ALSjy+M,35,2000-02-01
968,ymartin,D1USAPh1_m,62,2002-03-15
969,bradleygarcia,@CR9^_Wep),48,1998-05-17
970,donnabailey,@7amBUjQwn,63,1971-03-31
971,ebecker,bBMpxc_V#3,30,2019-07-29
972,washingtonvanessa,@3GPXN!s(m,40,1979-06-27
973,robertmoody,E2&&4Lzh+v,41,2015-11-06
974,stacy14,F1m8Ntuwn!,41,2013-02-11
975,usolis,k9D_AcdO#Y,48,1978-08-15
976,khanrichard,%FMZiDzdl4,45,1990-04-01
977,kperkins,sSd@8HaC^R,22,2011-10-03
978,jessica34,#Lx1N7Y(n4,61,1971-10-27
979,seanmurray,$7_g_8Dg+&,34,2005-03-14
980,kristina79,&Wd9WlMo@S,30,2007-07-10
981,laura40,EJp99BSa6+,65,2013-06-28
982,aliciaanderson,H^9FX8qqpZ,33,1993-04-26
983,fho,gL_7Zbgg&W,27,1985-09-22
984,pshannon,_n0tCY8m7R,32,2008-03-07
985,james92,+4XQUpaF7m,30,2002-04-15
986,donaldsonjose,__CUVmHd#2,31,1998-06-27
987,oscargould,9I7Id3d4&),22,1996-08-14
988,snowjohn,etI9hQ%6+*,47,2015-10-03
989,millskathleen,(aRE16ezl4,53,1993-08-04
990,markfitzpatrick,@)76AYKa$p,56,1976-11-21
991,douglas79,)RH94BFxs6,22,1999-05-24
992,john33,$1VL16mVBU,52,2003-02-25
993,alexandra93,r^0PpfZvI9,58,1978-12-26
994,john77,dCq2BdaUR@,47,1996-11-11
995,jacksonaguilar,)HHK5BpM45,53,1974-07-06
996,mcooper,o)_4NSkjNH,50,1988-06-08
997,hharrison,j!f3#X#aoS,52,1992-09-13
998,aklein,HN2*2Fdd!4,29,1999-08-24
999,gonzalescaitlin,b79Lx^&z$3,20,2024-09-30
1000,eric16,b+)8C2ru!$,48,1981-11-26
1001,laurapatel,jbku9Jmjo*,22,1984-05-23
1002,rachel98,&^iL9Dfu@_,34,2004-06-25
1003,brittany50,H0&^JUv)$k,27,2016-01-06
1004,frivera,4%2rZcK5Fg,50,2022-04-16
1005,ihansen,vx7B$m^O+%,56,2024-03-28
1006,cirwin,*cW%*dR_9n,64,2013-12-27
1007,whiteronald,)A5JODiUYz,27,1992-09-23
1008,taylorhoward,w#tL5Bxjlm,54,2019-05-02
1009,penamark,M@9%CQdw&$,47,2020-08-09
1010,jose46,65xQKlPV(&,32,1983-04-19
1011,odowns,I84Mh4^4P*,58,2023-10-08
1012,hughesmikayla,#A#^+6Ufp(,26,1993-09-21
1013,brett12,^68%Yt#b_V,64,2023-03-25
1014,sbradley,m(4$0ZjopA,53,2007-11-01
1015,weberglenn,3ISZ0dmk_6,29,1992-04-21
1016,colemankatie,!MWyEp&qj2,18,1980-10-21
1017,unguyen,SWs41(Ty_A,40,2007-07-03
1018,christian52,D3+77CxGi5,64,2005-12-30
1019,hstanley,G+r62Jb%p&,56,2008-02-05
1020,joshua40,jv5Gj*d$+i,60,1971-01-08
1021,andersonjennifer,&80rW7LWrI,64,1988-05-04
1022,reedwilliam,iLh6HYjcC#,42,1977-03-05
1023,pwatts,y&8dAkpw+@,36,2024-05-05
1024,pjohnson,*^8IuOoQW^,57,1975-10-05
1025,villanuevaangela,*73LRHDy*u,42,2010-02-20
1026,xtaylor,L_8TSmYv*y,49,1973-09-20
1027,chadrichard,_vl(5FeQz+,41,2021-08-21
1028,martinezmelissa,xW1I5E6bP),39,1989-10-17
1029,kevin34,!7WxqmMl4W,19,1990-08-16
1030,tanner64,^p6UF8SlT$,34,1977-01-30
1031,nhobbs,d&O5bVDw@7,54,2023-05-07
1032,tsmith,*W8G1by*%^,54,2021-07-02
1033,colemanwilliam,C6sJCdW&$v,60,1993-10-27
1034,rickyrusso,!G5OqR@pbJ,48,2020-05-30
1035,hphillips,%tKa5FNb32,27,1985-01-30
1036,andrea57,&sA4yYKdv&,29,2000-04-25
1037,amanda60,^0BplniqRY,27,1998-02-17
1038,jwilson,!#)4a1VtU1,45,1994-01-13
1039,zrichardson,f#1NoxPEvT,27,2014-09-23
1040,robertroy,A0VMra7k&l,50,2023-05-30
1041,nicholas40,J@0+4eKl!Z,49,1975-06-05
1042,johnblackwell,$WT#bAKnu5,34,1978-10-08
1043,knoxtheresa,C8i6tCv3!f,50,1991-05-27
1044,brittany27,z1S!%fsl@Q,58,2000-11-07
1045,hinesjonathan,&qd5UmwW7G,50,2011-05-10
1046,hoffmanandrew,rsM%4)AztM,36,2018-01-14
1047,cheryl54,npr1NGmm(*,36,2003-09-04
1048,danny29,!fg^LTn(z0,55,1984-06-02
1049,wesleygarcia,g0!ApMiF_%,36,2002-02-02
1050,ryan94,L*Z044ZfX^,40,1970-05-02
1051,brandonkelly,mHRW8&Zv!F,52,1985-05-23
1052,balljudy,%8Cr_Mh@S9,55,1994-01-26
1053,marymorris,+!KsE5R$p4,35,2014-10-08
1054,drobinson,M!k(8qAxM!,65,1980-02-16
1055,jerry53,(DCzdOR_6t,65,2014-08-21
1056,hrobbins,Z66Khr&E$L,59,1988-05-28
1057,qspencer,_9SlHilcCu,63,1984-04-28
1058,jessica26,*K@TloMqW0,50,2001-01-13
1059,alexissmith,%asrn2HiBN,44,1993-04-12
1060,carolinemullins,$7M1HO7rs9,41,1998-08-16
1061,kyu,5#69VuuWBO,50,2007-03-19
1062,mallory94,@iME&hhY3t,24,2021-01-10
1063,coreymathews,(#+_Go_K3F,58,2009-05-16
1064,oweiss,$7H6ejO%69,62,1981-11-13
1065,terrygene,%smcOjaz1Y,18,1975-06-14
1066,robert74,#5XHkr_oco,48,1985-11-04
1067,shannonholly,(wIjJuH8*6,29,2012-03-19
1068,shelbymartin,&A#f0Qx0D$,32,1981-06-22
1069,watsonjose,+&cMNeaPS7,41,2008-11-04
1070,hernandezantonio,_o7KE6VnZ*,26,1997-03-25
1071,paula85,&bD3NPZPX&,43,1977-09-10
1072,jesusmiddleton,(15sxHLZnJ,28,2001-08-02
1073,ipark,b^0n0IqsGK,51,1993-05-17
1074,robertmarquez,5y58YbV!&j,45,2002-08-22
1075,ogomez,$0dO68Fjw),58,2015-03-10
1076,michael31,4Kv*7Ed6&H,58,2009-01-23
1077,wilsonjamie,zk9Qd0Bl+n,65,1970-09-04
1078,douglasmary,x$71Qq)dnf,39,2010-11-27
1079,dward,q@T&66XT5e,64,1971-08-04
1080,leviwhite,_F)4LpgAyK,45,1970-11-20
1081,ggriffin,V6!JhzsO*M,60,2023-03-11
1082,ljones,L#0OpNb8$Y,39,1978-06-20
1083,davidhudson,$)d8VeLBQ4,55,2019-07-09
1084,jeremy02,u)7otrEgC!,19,2013-01-22
1085,steven76,&hRYOoQkH9,53,1986-04-20
1086,ofletcher,ag3(Pwv%4(,65,2003-02-26
1087,williamsdoris,LnI90Lln%O,35,2010-10-03
1088,mackchristopher,jAhl)6Ejg_,53,1986-05-07
1089,ssnyder,Lv8GGckFV$,33,2013-06-25
1090,meghanbrandt,w9UuWxJo*F,24,2022-11-02
1091,dorothy13,7!4IChzdh!,39,1995-11-02
1092,ortegafrederick,l*lYX2Vl#I,27,1983-07-26
1093,inelson,^89V$Yjimo,43,1981-10-18
1094,murrayjohn,m@$06wPm2K,29,2008-12-16
1095,thompsonjimmy,D5ReuC*f*3,35,1973-02-12
1096,margaretford,t@iY7DVh6+,34,1985-10-29
1097,goodmankaren,k#11Tr(nPU,48,1972-09-27
1098,nicoleboyd,2MkA*rqL_v,59,1995-12-22
1099,jesseschroeder,$@0FxTugad,39,1978-07-21
1100,michael99,@1t!Z(%ow*,21,1980-01-12
1101,garciachristine,7_!7DRAfqs,48,2013-09-13
1102,whitecindy,*os4+O4b2k,63,2012-08-16
1103,scottperez,C%5QeZnve5,48,1978-05-24
1104,thomasrebecca,_EXhP@Qv5I,24,2013-05-10
1105,allison87,2_gROGNn*l,23,1997-04-23
1106,bstewart,0t5FZ@!g%A,23,2013-12-06
1107,brewerandre,@6HNFP0w18,48,1972-01-12
1108,vfarley,#D6$QSli@4,58,1992-10-02
1109,sward,MDAa2uPh#o,53,2020-06-30
1110,heidi98,6DIQ9Dyi*g,38,1991-06-15
1111,johnsondavid,!63FWkGtIv,35,2012-08-10
1112,patricknewton,P5RgsJ0R*q,52,2022-02-18
1113,david94,*#RLaNGuP2,56,1973-03-09
1114,gardnerkathleen,W*7MXw8Pov,55,1977-01-26
1115,vbailey,!9)zYhNuTN,20,1979-09-14
1116,kelly66,$7OECrn*eL,57,1971-01-29
1117,saguilar,6IpnM&(a!4,47,1986-12-09
1118,brendafletcher,9myYScaL_6,25,1977-02-10
1119,lori58,BiQA^7Ozc!,36,2007-07-12
1120,uwest,@F0gkQRkPw,52,1998-01-15
1121,ktorres,$CmJgbeI^5,65,2016-11-03
1122,colestephanie,r*2nDeInsP,56,2009-07-18
1123,frenchalexandra,R9OOOM(c@4,49,2022-07-15
1124,gdavila,+0UjS^08qj,53,2017-04-08
1125,dwayne48,!&BU1v4wQ2,47,2004-04-22
1126,vancedustin,45w_T7Hm!%,47,1983-07-02
1127,vallen,*vG0k^rvZ9,21,1970-12-18
1128,laurenfrost,#NAME?,23,2007-01-02
1129,lroberts,1(t7VL3lns,22,1989-12-03
1130,ryan32,#eg2Uoa1O$,55,2004-12-08
1131,donna82,^Y9I5Xi7ry,29,2015-05-15
1132,nicholas19,3#2+X0#cj*,26,1986-04-25
1133,davidbrandt,&9M1kCRl_l,36,1976-05-28
1134,kathy85,%954$RaH73,25,2000-10-25
1135,mike31,Suf93TjKy@,22,2017-02-23
1136,smithkristina,55Xbdf4r(R,41,1979-05-01
1137,coxkatherine,M#6BZRuS%J,22,1979-08-19
1138,hartalexis,G4oXqfmr_c,26,1995-11-29
1139,christine53,Exb10Dd($z,47,1995-04-07
1140,wallcrystal,%i7Uzobpe!,34,2006-04-28
1141,nrose,v@d7eFc7h4,41,1998-03-30
1142,toni31,7aBexnuI&1,51,2014-04-12
1143,lewisnicole,3^4ZOZohzi,60,1998-01-14
1144,whoward,b^m#Jecy)9,19,1983-06-18
1145,omar23,Zc1@+Ywws),53,2018-11-11
1146,daviskathleen,5BZbSIIg@I,57,1989-04-05
1147,bryan87,%1fJhkwZW(,63,2009-01-07
1148,mkent,$3GoTueQO(,32,2014-04-12
1149,vfoster,)$2mBmoody,19,1991-01-26
1150,nlarsen,^4FX9K#hly,21,2012-03-17
1151,foconnell,#5n0Mt)Lzv,51,1990-03-01
1152,sydney81,&JNcJeQgu7,42,2014-12-10
1153,marksronald,!fJjNUdj2C,27,1980-01-14
1154,bonniejohnson,v1IIHjvr@w,65,2019-05-12
1155,uromero,E+1EtjmtzN,21,1998-01-05
1156,dray,&Zj0OkeJXE,19,1976-07-21
1157,zcook,%3xEm008+0,34,1983-04-24
1158,kaitlyn82,pDN9mK*nh_,44,1988-05-04
1159,sharon96,#Vb43Wn6q0,52,2009-09-24
1160,christopherjones,5h28TK%B@q,64,1994-11-21
1161,tlane,(!3WH0o&&a,37,1976-06-14
1162,danielleramos,#Ws9NJ5d@G,63,2019-05-07
1163,gerald69,U!8Ui_67Ra,28,1995-03-26
1164,alvaradochristine,7Aq#6Ok#D7,39,2003-05-15
1165,stephanie00,%))6FG6uku,37,2010-08-02
1166,llewis,zS7x^qBnY#,45,1994-10-06
1167,ymcdaniel,8t1Z53ms%k,49,2000-08-09
1168,vasquezmichael,_6!C6l3E)o,45,1994-03-11
1169,ntran,y6ap31Zz^),26,1979-02-03
1170,smithholly,#t0FBftk&E,26,1998-09-16
1171,robertapalmer,vV@1imRnfg,26,1994-04-13
1172,johnsoneric,rS2F_nWwh),47,2018-08-17
1173,marshallvanessa,!XXq_@OSl3,61,1973-07-02
1174,tlambert,(X1FQ%vV2@,33,1996-07-21
1175,gary11,!#7P1QvaD%,47,2017-01-08
1176,lisa41,&3Rj^OPrgz,44,1991-12-05
1177,hudsonbrian,B1w_Xie2*_,41,1984-05-13
1178,chasedawn,5!VI1zzD%0,63,1977-09-11
1179,toddwalters,_89NtjdS(i,35,1998-12-19
1180,fpayne,U6xP8nYvo@,18,1993-10-09
1181,cnorman,0z1iVCwO@0,44,1982-06-30
1182,lisa73,j5u#McZ_+j,33,1981-12-06
1183,shawvirginia,n*&7!1Br^V,27,1971-11-23
1184,andradejordan,&V7Z)k5r!A,56,2016-04-29
1185,adamevans,!G7lWb@l4z,63,1989-03-25
1186,nathan59,&(z1A+RgCj,55,2006-12-03
1187,james41,v$9S_9Engo,40,2019-09-23
1188,becknicole,x()4N%UwCe,54,1987-06-29
1189,joseph88,#Zi8xB%ty),27,2011-07-29
1190,orivera,#*FBt@)jt6,44,1985-05-18
1191,sarah42,U#361ICpTl,51,2018-09-17
1192,kdavenport,ylI2Wzla7!,18,2012-02-01
1193,jacksonatkinson,(Q5BKlu^P&,29,1982-04-25
1194,christineroberts,e)eFtD5R#3,30,1974-07-19
1195,dylanmercer,!Z8I4h9^3#,48,1973-08-12
1196,lwright,%U9&YGtIC2,42,1991-08-25
1197,daniel03,0h$Q)xCo(f,37,2022-03-18
1198,kylemurphy,&61M_cPYoQ,63,2019-07-08
1199,john23,G6aCh4+r+H,35,2012-09-30
1200,flemingcrystal,0_65YFibjb,65,2016-11-23
1201,amber75,Q&64Hee@_q,61,2006-03-28
1202,ymiller,%2Kfnvo1Ni,56,1980-07-11
1203,xsilva,^7eTWJHbNy,38,2006-04-16
1204,shane19,(&^FDXCw4P,23,2000-08-19
1205,gregory15,hXDkMtx%#7,56,2021-07-12
1206,douglas83,*wqQvYii)0,32,1989-12-25
1207,qhoward,#t03HNq1^h,22,1990-01-13
1208,raustin,Y+6@0hrXkX,43,2020-09-22
1209,wobrien,9H6WlPuF+t,37,2005-07-22
1210,longaustin,)57n4P5oS&,61,2021-07-29
1211,kathleenclark,$x0JaXUeyA,35,2004-05-03
1212,joelfigueroa,Y&X$UpNZ#7,45,2002-09-15
1213,sarah75,)4yQL(vo(@,46,2005-06-17
1214,patrick50,uKHQh2Zl(2,64,2002-02-13
1215,lisa48,#1e&jwAjuM,48,1975-06-15
1216,dianewatts,)+T83Mh3+),18,2014-07-12
1217,hallsteven,(9EnmxjL&#,27,2015-07-05
1218,carla48,L4ZAQUj#^1,21,1978-11-09
1219,erin67,%tSh7EpUoi,50,1994-12-08
1220,benjaminballard,JmvmL8Ui$x,42,2004-02-08
1221,stephanie50,&8mPEL4kW8,37,2014-03-19
1222,larry81,1am#Is4(*l,23,2021-12-05
1223,tracidavis,C%+4DAuvHJ,28,2007-12-22
1224,mitchelltonya,f*o4(QJbGz,43,1987-10-03
1225,mannmichael,+ak#kKm7e8,55,1995-03-08
1226,williamyoung,lf9rY+Cx%7,31,2005-06-16
1227,flowersterry,Qg5#4zEbub,31,2005-11-25
1228,fernandezjesus,@5v3iMAn&f,54,1972-11-02
1229,kevinadkins,a3%iR(XN#I,57,2007-08-23
1230,todd81,40pZCOgN^j,58,1999-07-17
1231,madams,%T2n8KqyUh,39,1997-12-08
1232,cpeterson,mm6&2Ylr#M,34,2007-05-27
1233,lisaboone,(09oMTsb@6,19,2009-10-11
1234,alexander85,ql3rRTdQ&^,33,2005-01-04
1235,dustinwaller,))^T2PEjR!,60,2019-09-03
1236,jamesjohns,$4D_FVCPeA,37,1989-10-26
1237,stephanierussell,a_A&wKmx$7,46,1999-10-20
1238,max30,WP8sbBcoF#,29,2022-06-06
1239,efarley,uUofQ+aT#7,22,1998-03-01
1240,millermax,@93TEslfn2,57,2009-02-22
1241,mary82,9&zV5@tf$G,45,2005-10-04
1242,victoriaolson,KlZMk!z3%6,42,2002-03-13
1243,gthompson,^_5DRcAqpz,50,2023-05-25
1244,albert00,9$PBPbB8@l,44,2008-12-12
1245,william89,R$7Lt%Daa^,28,1994-10-15
1246,whitakerbarbara,^cKGbjf92P,20,1974-11-17
1247,jwoodard,1NvY9IHg^3,44,2004-05-22
1248,fhernandez,H^HP94Fa(9,58,1997-09-07
1249,chadsmith,@ovMW31n@4,25,1990-01-31
1250,jamie06,l&4G5noa0G,38,2021-11-24
1251,kyleallen,sk77GTus+$,23,2014-12-06
1252,brendaadams,^VavDX2uI5,58,2022-11-12
1253,taylorjacqueline,NH^87F@n1V,30,1995-10-16
1254,rharrison,w@&32NmGtN,59,2021-02-16
1255,rosalestravis,Rk%1TQpey0,56,1976-11-26
1256,ywilliams,m+jx4KJfqI,34,2005-12-10
1257,elizabethgomez,v93Lh0kM+w,62,1987-05-11
1258,gwright,Rcg52Plv^+,54,2005-06-01
1259,rwilliams,rm3J+axx+@,30,1985-12-09
1260,ashleyian,btBYBfbg#0,28,1986-03-16
1261,qallen,g%%27Q*H3z,47,1990-02-28
1262,alexis73,gP7#!Sam$Y,23,1978-12-20
1263,ccuevas,t_9Ry0OsOO,41,2009-05-16
1264,marciabrown,_LQwTys@1L,64,1990-10-20
1265,autumnbailey,6cXRi%*Q_8,30,1971-12-08
1266,andrewgonzalez,dWJ+Allw&2,34,1990-05-15
1267,tbowen,!G6d7H@n(I,44,1985-03-15
1268,mcconnellalejandra,fdVyU*Dp@6,39,1986-01-22
1269,lindarobinson,NV+^9Zbbx#,34,1989-01-11
1270,courtney39,i$Yk!3UcFV,63,1972-05-26
1271,courtney71,N5Xa4t&M(W,65,2002-12-30
1272,hillamber,@b^1REpa!L,35,2011-12-23
1273,sharoncunningham,VR0yQUj8X#,29,2002-05-02
1274,gsmith,*n1LD7d5dE,59,2024-11-18
1275,uwilliams,%63H6vRcyl,36,1970-12-30
1276,juliehughes,bU0G(CEj&y,57,2023-12-03
1277,robinsonkristin,49gy2Ml_+(,53,2020-05-25
1278,mwagner,gEBrpk5r&1,47,2002-08-02
1279,hallkatherine,4I#x7Foz(U,63,1985-03-09
1280,pflores,%i06NzhYBo,60,1977-10-27
1281,medinajames,#Q6SxUrL#F,38,1973-08-24
1282,mcdonaldmegan,&F)LSg!iX6,43,1981-10-07
1283,cheyennebrown,Fs8Z%Xm6@*,23,1998-01-03
1284,jacobnunez,@jJu9BNI_7,29,2017-11-16
1285,lutzcheryl,^+4gH^tA3(,38,1999-12-15
1286,jacob22,bgEtfHLo$4,61,2013-03-11
1287,treed,0q6G$7lM!8,57,1994-09-01
1288,nwood,&IiBy0&c4),33,2011-04-16
1289,martinmiller,%9wOEYC+1p,35,2009-07-04
1290,kaufmancynthia,)7QPQ4Mp5b,61,2014-02-08
1291,christian14,8dNSk8p+$9,42,1986-08-25
1292,laura14,s#c94X9jV%,47,2012-01-24
1293,ashleymccarthy,&*07(Vy4fz,38,1983-01-25
1294,nelsonelizabeth,3KL!Yb%z*g,34,1970-04-09
1295,staceygoodwin,t7I1%6^w(8,36,2015-09-07
1296,hugheschristopher,m_0!Ytv%yj,28,2022-01-28
1297,jacob81,^Qv0oUPx2j,53,2023-01-14
1298,browntara,qS9HXd$l)P,19,2009-11-24
1299,kpowell,s0L_)Nrr@^,34,1982-05-01
1300,ebrown,Q0yO0jP8&s,34,2022-09-24
1301,mark47,Z^BGs20m9B,60,1972-11-21
1302,ilee,!2Hy)zh!(u,41,1987-06-22
1303,banksmatthew,5#a8UX!S_e,59,2017-04-24
1304,hernandeztimothy,Ku&eX4SvXN,31,1984-06-16
1305,cookgeorge,3!YQV6Fn*5,57,1980-05-23
1306,copelandjeffery,A4hSRd&Q&T,32,1973-01-10
1307,wrussell,!8YWVfsHgT,50,1989-03-04
1308,christinamoore,@ypRxabB4A,57,1973-01-13
1309,hflowers,yiURsgPG&2,56,2002-07-04
1310,frostadam,w9S!XGVk(v,39,1975-05-23
1311,christinapatel,hM^#8PFfQG,62,2019-01-31
1312,hansenkurt,)Nze_GAoQ4,48,1993-05-16
1313,curtisricky,3s9S4ym)^d,18,2009-07-26
1314,traciwatkins,XpA8aWso@t,42,1992-01-26
1315,changsusan,^a*5sOteUL,53,1985-12-31
1316,chenderson,qesANhuP*2,55,1978-01-27
1317,emiller,@030B61vWQ,52,1991-06-22
1318,christopherriley,V7(2DOxKKn,56,2017-03-21
1319,pperez,*n6!xBczif,24,2004-08-26
1320,cassandra82,k#O0ZtfBUL,32,2000-07-09
1321,dalexander,2(#Sf)Vl(t,60,1984-03-02
1322,paulcruz,@2(1LfuSao,31,1989-09-16
1323,joshua73,%^1O#*Mqmi,64,1995-04-18
1324,hudsonbrian,*)(79Cfb30,40,1978-10-03
1325,blewis,+t1N)lDNn6,49,2019-04-21
1326,trevinorose,J1JXUQyF&x,33,2010-10-24
1327,gabriela06,&L4*@hLu28,46,2000-03-04
1328,williamkennedy,_oiTY$gw6O,45,2021-10-30
1329,mlawrence,1xh0GgQs8*,51,2001-04-22
1330,shermandarius,+3Xs8&q6Xe,34,1981-10-02
1331,kennethwhite,$7L7+l84(G,44,1978-10-24
1332,chelsea86,%1XXhejM#7,29,2006-05-03
1333,bennettdanny,%4t$(Xb*9a,30,1996-05-22
1334,curtis53,BT_4R35r$$,42,1989-03-12
1335,rossrebecca,$F5TlYzqF1,38,2007-10-27
1336,ataylor,dl4N77BYH#,35,2005-06-28
1337,xwatts,_SR7QsyTi0,65,1992-11-13
1338,emilyfritz,!ZCGP9iEQ5,44,1988-07-25
1339,brucerachel,pn7QerT0z#,40,1981-11-18
1340,robert84,@A6pY5Gs3u,30,1975-07-27
1341,emilyacevedo,gJ6Vkoiyx_,35,1993-07-06
1342,ericwang,#E1CTl1(0D,62,1999-08-22
1343,vdavidson,#4WiNOk3cz,18,1977-02-22
1344,jamesmegan,(9D8k5fMF7,32,1973-06-17
1345,nicholsonemma,Iee81AnA%7,57,1995-03-14
1346,markpope,fjm9S0E^Z&,38,1997-02-04
1347,hbuckley,C$8fVSdC$&,47,1995-02-07
1348,austinoconnell,80Y8xgID_7,51,1972-03-29
1349,smithbrian,)7tnA+gcKt,34,1997-11-18
1350,smithandrea,^2WzG)*7dk,44,2004-12-27
1351,owilkins,k5GjIYhS_n,30,2020-06-12
1352,max57,Z0uX8E_yF*,43,1994-09-06
1353,tbrown,)DSxqAVnB2,18,1972-12-10
1354,simmonsmelissa,9L#nKXjq+L,62,1990-09-14
1355,christopherolson,%*_7^XWvUx,37,2010-09-04
1356,craigbailey,Hbl20ZswL(,51,1977-10-29
1357,kennethmalone,+aHNbAML!2,50,2008-10-28
1358,justinscott,)hrHqgJo1Y,65,2003-07-23
1359,tunderwood,ruMze5Tfa^,54,2009-04-30
1360,berrytodd,)LG)XYqVZ8,25,1997-09-05
1361,cbaird,u#004NR2tv,53,1975-02-16
1362,jimenezjoshua,A(9HJqOn&%,35,1989-10-11
1363,qerickson,$&1XhYw#no,48,2008-08-26
1364,warnerarthur,5I#8Cde!N&,20,2006-07-11
1365,davisbradley,&8Ooaiou)0,46,2004-03-31
1366,caldwellnathan,M+H4BsO2Oz,39,1991-05-30
1367,arodriguez,d%W$1HnWR),37,1992-10-15
1368,kyleduran,t3)OKaRi+a,30,2022-05-10
1369,xfrank,s2E_92XmKm,37,2008-11-20
1370,carnold,k+70NC%pve,22,2004-06-24
1371,qgreer,9#4qNMx0iR,28,2021-09-05
1372,davidgeorge,^3)7Ji8CMq,29,2009-04-09
1373,jessica81,Q^&2vVlJSd,38,1991-09-17
1374,vmcdonald,O4^&L2en*T,40,1971-04-17
1375,lneal,b96gvYEsw^,58,2019-05-28
1376,matthew29,#NAME?,65,1972-08-19
1377,sanderslaura,%4vS$5YQmx,57,1986-12-13
1378,sluna,67t++8Bt6&,20,1974-05-22
1379,imullins,*Fb6Fj$d_^,35,2019-01-15
1380,robertdavis,p(!6R0zdla,35,1971-08-11
1381,michael10,_VfBEBmsi2,36,2004-05-16
1382,andrewhudson,!nr1WlP#e#,27,2009-04-26
1383,rscott,@7Z(GB$r^(,18,1988-12-13
1384,griffithmia,@u0H##kp#h,47,1988-04-28
1385,arnoldwanda,G7&FZLk1&1,33,2015-08-13
1386,williamscarlos,n5oZ3UFE*X,42,2008-12-30
1387,dbrown,_xxJYC1RJ5,55,2003-02-18
1388,emilymcbride,a1WFFe*t)y,19,1992-10-27
1389,orrmatthew,l3_4Du7M+Z,64,1994-11-14
1390,suttoncassandra,42+YCJCb)b,29,2023-09-22
1391,mark47,$lfIGe!*h1,43,2003-11-05
1392,dennis21,RLM7Hw1r^2,33,2004-08-22
1393,amy84,dLU9TWQoQ*,33,1984-08-19
1394,freemankelly,7nOu3nnz%*,42,2013-04-17
1395,ortizmiguel,L$C_5Oucp(,26,1979-10-27
1396,benjaminwhite,IWW%4Ls(Es,50,1981-04-18
1397,rachael93,@3DfZXms$4,42,1974-04-05
1398,troywalker,YY0fY@FiG^,42,2011-09-04
1399,watkinsdustin,^6_86YbHP8,41,2017-04-21
1400,curtisbrian,c5SGkwj8%R,31,2024-01-07
1401,brittanylewis,IO*0*IAukx,60,1996-02-08
1402,aliciafoster,XE4cQqypz_,19,2019-05-17
1403,jwilson,b4zs0UkT_+,42,1980-06-20
1404,kathrynphillips,cuG+3Gd^@5,51,2017-05-04
1405,juanbrown,7rYAcxd&)n,35,2004-03-04
1406,joseph46,J8cVjWd2*^,54,2005-05-16
1407,matthew15,*)QdgEpW97,25,2001-06-06
1408,laurawest,6bfBCqng!4,21,2024-09-01
1409,rowestephen,*5*qA#teja,62,1973-10-03
1410,christopher41,cd6Q3Rup^H,34,1982-11-30
1411,dominguezjohn,)i^AuJK!4L,59,2003-06-03
1412,millsbrandy,7@%ueQtK%@,23,2001-08-10
1413,vanessa84,_FJ0*A#r!z,52,1988-10-20
1414,robertsmichael,$!94c7xoSE,56,1998-04-21
1415,alexanderlee,!0nJhGo3CE,35,2010-02-09
1416,cdavis,^3z2Vnx3r4,29,1979-02-10
1417,shelbymckinney,T%5XXq+2Ap,50,2012-08-22
1418,qwilliams,N7scxIb1*#,18,1972-07-10
1419,dcook,+0MxhMfk_P,26,2001-02-10
1420,eperez,EJTs#Feq+4,32,1981-03-17
1421,brian45,C!zZ0OGdAk,24,1970-01-24
1422,fcurtis,Ge9TQKnSs^,31,2003-09-16
1423,stephen04,lt16GPq9S#,55,1991-08-23
1424,floydmelanie,Th8K641rJ#,47,1975-08-11
1425,vfields,*OU%6v%aU4,54,2008-07-11
1426,nboyd,_GCBT51uV6,58,2000-09-12
1427,jvang,TQ7OYyBF&g,19,2023-01-12
1428,evanscynthia,4P0EtAJz7*,41,1987-03-12
1429,hardykimberly,eMjGRJDv&6,53,1998-09-27
1430,nanderson,8P7+NwIv@),30,1982-12-09
1431,kimberlywright,TJV9R8Cx@%,30,2011-03-26
1432,sandra51,F_ta7RjVId,41,1990-03-14
1433,kevinvelasquez,_BwY2WKfB2,35,2010-05-25
1434,laura56,4u2^Xzvd*n,30,2011-05-30
1435,cynthia71,A#38bLuqef,48,2023-05-17
1436,adriangraves,%2*HUTwb_x,44,1976-04-15
1437,castanedabradley,)5FUVkBl!t,41,1983-08-20
1438,xnovak,10aXwirx)M,58,2003-09-08
1439,anthonybryant,Iz%w8FNe9_,54,1973-09-07
1440,zacharypowell,%bfG7Kf_R2,47,2019-02-27
1441,shawnharrell,^WkSrL7e^0,31,1985-08-17
1442,jenna26,bi2NA3na5(,30,1970-02-28
1443,shermanjoseph,+c2yNE!*&9,46,1983-07-19
1444,dsmith,&4ZqCxxcKV,58,1973-12-17
1445,jason96,1HJL%9r0O@,57,1975-03-19
1446,ericgarcia,t+U^2&VG_v,50,1972-10-01
1447,justin97,Z8oJ3x5c$B,36,2014-12-20
1448,changhenry,49PojZBb&F,42,1994-05-23
1449,stephensmatthew,D*AiHwZZ(9,59,1992-09-06
1450,johnschultz,&$Z08XUihB,43,1992-04-26
1451,debbiehall,WcB27yW4e$,18,2017-03-09
1452,jonesvirginia,x6!5YBqP*8,31,2004-02-21
1453,markmorrison,G2tWq7xP*F,48,2019-06-02
1454,smithchristine,K&Z6Qjv^%2,38,1996-08-05
1455,michael07,&wY&xozL9Q,33,1978-08-29
1456,munozchristopher,)NV8ER1z#5,55,1982-08-18
1457,jklein,cz0SIFv__d,65,2007-02-18
1458,benjaminpeters,xCwo1oUnE*,53,1995-05-31
1459,ryancoleman,@5PLRySo_t,28,2002-02-27
1460,owright,G)7aBeum4&,63,1975-09-26
1461,pamelamendez,2qWe83+#!(,64,1974-04-29
1462,walkerjohn,+6Q*^9FtUc,64,2016-09-10
1463,simpsondave,*74wNazz@R,56,1990-04-22
1464,melissa52,jp0Qe0Ty@N,55,2004-08-02
1465,sarahbarker,$p9CSxx8sb,47,1982-01-30
1466,pleon,6)1A8XVWQc,19,2009-01-07
1467,conradmichael,#6*rQUm^)a,64,2021-06-02
1468,nicolegraves,iBnVcgAP_0,61,2013-12-15
1469,martinezamy,i8FG2scf&N,48,1980-05-02
1470,scarlson,)1%XSL7nI@,26,1995-11-19
1471,norrishenry,B5ZiN^s8(0,63,2010-11-05
1472,besparza,^n1yTjoikL,33,1970-04-29
1473,santiagoshawn,p1IRJUaP)8,52,1975-07-18
1474,rachelmartin,fNMt1G*pG),42,1983-04-21
1475,maliklee,@00aMw5gy6,40,2018-08-09
1476,weaverthomas,bJKD4Eiv$8,30,1992-01-23
1477,timothy25,1reVtAe0+9,55,2015-05-10
1478,ericjohnson,gH#4QF*gUT,53,2011-05-21
1479,josegarcia,Y@&%2BsjLp,33,1990-10-21
1480,davidalexander,zdm8IXf(F!,63,1997-09-04
1481,keyheather,M78XcgHfy%,38,1980-07-12
1482,campbellmatthew,25k+nS)l_G,30,2002-10-08
1483,palmerdavid,_e5tSuhfO%,48,1995-06-07
1484,patriciaparker,^vJIKGqc@9,65,1991-02-26
1485,kyle60,Q!g5a2TeYY,37,2010-06-02
1486,yhall,ONtAxhzd*6,33,2004-05-01
1487,pmayer,@2NdHA1qH(,39,2005-11-17
1488,ohorne,(pC6SC3q%5,20,1989-04-24
1489,melissa16,d3wZcsWX%e,61,2017-03-29
1490,jeffreymartinez,(4lT6G^p*m,31,2007-01-20
1491,ochen,wH$Cx)Hs^0,28,1992-02-24
1492,michaelblackburn,D(oO9VUb&Y,60,2004-08-02
1493,thomasrobertson,OF$BUKkq)5,60,2008-08-29
1494,sonyagonzalez,izVvw^u+*1,30,1990-11-05
1495,dawn36,pcw6Dh7l(z,41,1992-12-04
1496,kdiaz,T!(%5FNccq,50,1993-03-30
1497,waltongregory,^7$BuOiXrF,27,2001-12-30
1498,lisa65,#qG8BdKoa5,32,2008-10-16
1499,zlane,1Q*x2EkQo^,44,2000-02-22
1500,monique13,amk8A5ml0),35,2022-10-06
1501,hoffmanfrank,9NHeP*ml$x,40,2014-05-17
1502,uwhite,(#a0Zxo^%F,29,2007-12-19
1503,andersondenise,1JO2YyIef_,41,2005-12-13
1504,kirk78,t7HplrAV!m,45,2012-11-16
1505,nbyrd,(WGU21OfA6,28,1995-10-29
1506,patricia37,w_6pc0Yb_Y,48,1985-01-06
1507,jonespaul,I1Q+$0Zd*(,29,2007-01-04
1508,tannermary,$4Usjf%0!K,32,1983-06-26
1509,ggutierrez,)sUB0K5ok1,40,2005-12-15
1510,millssusan,(5_+AObQq&,46,2013-04-14
1511,jennifer52,qq)E)7Pfpe,56,2003-03-17
1512,tiffanysanchez,$tPd6Bl9zH,25,1991-06-20
1513,molinamatthew,%_1B$lwyWD,52,2012-07-10
1514,potterbilly,e+9DKl8Z@q,33,2004-08-02
1515,armstrongjuan,KTEikGq39),37,2021-07-15
1516,christopherrojas,L6_$38Bq1U,24,2015-07-25
1517,michelle42,AM#5WcMrxd,35,1998-11-06
1518,brookeanderson,Vw_A@7Yf^@,42,2022-04-27
1519,nrowe,eieOdvPh#1,22,1991-04-01
1520,mwilliams,88pSmcxz&X,58,2012-09-28
1521,alexander69,z)618yLm^m,25,1993-11-05
1522,gvazquez,dvD5oMyux^,36,2011-07-10
1523,keith28,#@7uYhHQ7K,53,1994-01-22
1524,kimberlyconner,415PvETi@y,60,1991-02-13
1525,ehall,1ckF7bK_(X,41,1974-02-28
1526,zparks,WWl5MFrx@(,64,2017-04-11
1527,vwilson,cf8R^$eI*^,47,1981-06-19
1528,zacharywatson,_5AenE^egU,28,1982-04-04
1529,allisonharris,&cAfY@At&6,57,2024-05-27
1530,tanyagarza,m3jX6kHq!3,37,1971-07-29
1531,brettsmith,D2sp_5Eh$x,21,1994-10-21
1532,michaellawson,#D64OcjHWg,38,1997-08-30
1533,tsmith,*Ur1Cb$om#,61,1972-01-14
1534,karenferguson,9^M*7CXcjp,36,1979-08-09
1535,jacksoncarolyn,(bUyoYK!o5,50,2011-06-21
1536,maryadams,!gIdM#1AT6,44,1980-07-30
1537,umartin,(UFl5Wop@5,57,1988-11-04
1538,samuel90,2d_rH%R!)U,21,2003-01-01
1539,ynoble,O8WKBKX%^h,20,1977-09-19
1540,hannahknapp,28KfM!%7+7,36,1980-04-01
1541,umcintosh,yg8F4D(c0&,59,1974-05-02
1542,aguirrecindy,95Zs2quv$T,58,1999-07-10
1543,joseph24,1FCNthqd*j,23,1994-08-03
1544,rodney01,x+P0Jwh#iC,20,1978-12-07
1545,david92,Y)2OCjd2LN,62,1981-08-28
1546,christine58,6oAhlJEz%p,37,1999-11-09
1547,travis44,+&Qw*OSBm2,27,2023-12-03
1548,kellercheryl,1_8mDmd$R#,18,2013-10-30
1549,justinedwards,K@9SN)EigD,38,2019-10-04
1550,michaelwilliams,$$xN6)id1T,53,1995-12-26
1551,sandovalrachel,7mHT8+BTU!,44,2019-12-28
1552,ronaldholmes,H)_69DaRH$,48,2009-04-13
1553,joshua60,Is7JVFLj#Z,47,1992-06-04
1554,reeddavid,3T5C5fh+!6,50,1993-11-06
1555,alexbishop,Cc_0iK^nQM,37,2008-01-05
1556,gravescharles,+6qk87Gg^I,40,1994-04-19
1557,rperkins,k8I6Q1jm@l,18,2024-08-22
1558,harrisoncharles,6_1G3U3dcP,41,1996-03-01
1559,william06,5OZp_oLt$#,23,2023-12-19
1560,michelleflores,n#kR72Nek%,32,2004-01-14
1561,taylorthomas,8Q6WyXFp(0,20,1990-08-08
1562,brettwest,1(0HmF!xGL,28,1975-07-31
1563,grobertson,d%3Egd)TgC,45,2001-05-13
1564,sean66,$XzZ5VMvL7,55,2001-08-03
1565,torresnancy,18bPFA+q)e,20,1996-03-28
1566,whitney07,zZ#9KPJeI1,24,2016-03-24
1567,christopherbailey,emHg^gpd+5,41,1994-01-07
1568,hreyes,o(1Y0Nw@t^,29,1979-05-17
1569,oliviajackson,UA8ClKLc!7,46,1993-04-16
1570,wesley40,(0CIBzUMrG,55,1972-09-22
1571,dustin01,#z32+sHr83,23,1980-03-15
1572,olivia52,@xsCrhDv6M,27,2007-11-29
1573,valerievalentine,@d79QxBge7,65,1980-04-27
1574,leblanczachary,+hE*tS&d!3,25,2010-10-26
1575,steven44,xYBD4CJzc),53,1988-04-23
1576,ydougherty,_2hT(ppmc1,49,2021-03-11
1577,kevin35,ejwF*2Hu*!,63,2011-06-27
1578,william23,$2qi+1Ugl2,62,2024-03-10
1579,alicediaz,(m$2o!Fav8,47,1981-02-16
1580,rosskaren,)^7Sn6Uc3O,62,2000-05-13
1581,parroyo,%HFa43jT3R,63,2002-01-04
1582,mprice,2+qRJtVo#C,61,2000-10-29
1583,chapmanlonnie,Q@2f3XEykE,43,2019-09-11
1584,fordmolly,I64XQ4puw$,53,2019-06-18
1585,zhernandez,PQ0GgNnlY+,58,2024-04-03
1586,zachary49,F7WWEa*h*^,21,2004-08-21
1587,melvin03,^1ZmQTSe0M,29,1997-08-11
1588,pvargas,xF4xFlr&#%,61,2007-12-20
1589,dgonzalez,YS4VFNgN_@,27,2008-02-08
1590,brianwilliams,04E1Jlil_n,64,2000-01-28
1591,brandyjohnson,l(F6rHyW*z,20,2014-03-03
1592,ocobb,$TDZ6FilH8,51,2012-01-11
1593,gabrielflores,)xM7vSmga0,33,1971-06-27
1594,sullivanamy,##Xi0M)sLN,48,2017-10-08
1595,courtney88,8B7o*9BmrC,25,2003-06-12
1596,tara18,%qY#7NdFJ8,64,2009-04-25
1597,richard14,iy2d3ZRjZ$,18,1999-12-29
1598,amyyang,tZ0#zrxgy&,29,1988-05-30
1599,jweber,C7YOis+r(D,43,2011-01-04
1600,robertburke,k5qKjwTY)0,49,1992-10-09
1601,bradyjoshua,$Eq*vHhM6C,45,1990-12-08
1602,vruiz,8E0FMgYj%$,20,2024-04-25
1603,dawnjones,4K7Gf5XB+f,49,1970-10-21
1604,hermankimberly,NNw5LZUo$o,36,1981-01-01
1605,mhernandez,J_b5VmCV!s,33,2002-05-17
1606,youngrobert,d)7OiDftYs,39,2021-05-08
1607,maldonadoashley,yTH5Nkeg@9,22,1998-10-25
1608,jake05,#kvdTEHyE4,34,2006-05-08
1609,josephday,_JDkyj%g1i,53,2010-09-03
1610,thutchinson,!QYa+Uxrk7,52,1972-10-23
1611,sylvia11,9$YjXUZd^C,65,2010-04-15
1612,john13,z&2x(mXn$O,28,2010-04-14
1613,stacy51,+#p84JruAl,37,2001-04-04
1614,billy55,)qHcA)w628,27,1996-02-15
1615,carlos12,mt+j4CZjON,45,2002-05-13
1616,gmoses,&8#WE!Vuco,40,2011-06-12
1617,chelseawright,wnVW7fPa@a,25,2023-11-15
1618,sandra22,t@3Irfp^(b,32,1997-08-30
1619,bwells,_Ij2ZOYnVP,29,1972-02-04
1620,carolyn45,(_+2OV4ltq,53,2004-06-06
1621,iboyer,_3(8GWyC8Z,50,2019-02-05
1622,fdiaz,u6N&sw8u(x,56,1975-01-03
1623,carmen82,k9XaY2+h@U,62,1974-08-06
1624,harrisdarren,pT)1dPaI%$,58,1975-05-24
1625,bparker,G1lXHXp*)4,47,1982-12-19
1626,klinejoanne,%vh0Azqdk8,54,1983-01-03
1627,harrisvanessa,^IRUvQpt3X,34,1998-02-18
1628,duarterebecca,t*NX3d(E_4,49,1981-08-03
1629,nhicks,(c8UIGdh0d,23,2017-07-05
1630,james83,x0*!eTkV_0,61,2013-11-16
1631,greenwilliam,u3R9VjdZ^_,59,2015-11-22
1632,mmeyer,6$4ILit3_2,23,1972-08-14
1633,davidmunoz,^6kg1QLu+c,43,2012-12-11
1634,seancook,#GQk1JWln$,64,1976-06-29
1635,diazmichael,+dgx0Vy4@_,60,2005-08-08
1636,marccross,d8#R)fs_#_,64,2020-10-16
1637,npearson,)ys0JqOebB,40,1973-02-23
1638,kristin79,b_J8TjSvay,35,1994-04-16
1639,jmedina,i9@wvBo4&&,31,2016-08-23
1640,cookthomas,I*@5BXh%o#,21,2009-11-07
1641,barkercharles,MLS(3JMw!n,45,2005-01-04
1642,tracyvillarreal,#$u14RPqR7,26,2021-09-01
1643,phelpsalan,KGD#6PwH!R,27,1999-02-19
1644,kylebennett,E0RgaCYs$2,40,2009-01-17
1645,zmerritt,@8Gjq(8N@E,57,1978-01-13
1646,dhines,gBjH9ip%(3,36,2009-12-05
1647,steven39,O#47gBd%YG,54,1981-10-09
1648,wilkinsmark,!LNX(myM1W,52,2009-10-03
1649,ramirezdavid,U$1VME#n_J,30,1987-12-08
1650,zjohnson,%N9X8rSTBk,57,2024-02-15
1651,nathaniel73,QrL0OOt0S(,29,1989-02-06
1652,melissagarcia,$_05EUc8c^,57,1989-05-17
1653,nbrandt,Zn@@RD(r@8,35,2001-03-13
1654,kyleking,JNMBS@fz@0,35,2011-12-15
1655,tcarr,rZ9uUtbm6!,61,1991-12-31
1656,austin69,u%$8DVKqu&,49,2018-03-17
1657,phyllis42,tO2Zx8j^t&,41,2021-10-15
1658,fernandezmelissa,BA$37Wma_O,28,1992-04-08
1659,fparsons,cY1hXYcUs^,26,1997-09-03
1660,scott89,*qGHpDLM70,47,2011-09-21
1661,hughesmichael,Nqg4UsP@(1,64,1972-11-09
1662,wilkinsonjonathan,%7YJd8Kz42,19,1979-12-10
1663,soliscynthia,&YLz1S9l%U,59,2005-08-03
1664,nancy43,j^0Rztf0*j,64,2012-01-11
1665,pwilson,c(9W35CgaR,64,1976-08-16
1666,taylorjacob,%m6lBh6ITe,56,1974-10-03
1667,williamleonard,ohZZm_wu*1,32,1998-03-15
1668,ushaw,24tn6QKf_8,34,1998-09-28
1669,charleswilliams,(&7EFdle_@,46,1990-02-19
1670,parkercynthia,11QJs8wq@R,25,1973-07-10
1671,suzannelozano,%5oRaqfR4l,51,2007-12-21
1672,lukerhodes,^7K95&Dwm9,19,1972-04-23
1673,dunnashley,+E8pZw%uaE,62,1992-03-31
1674,melissa46,98J8iTsF^s,25,2009-07-14
1675,anthony08,i_Kr61Aje+,28,1974-07-13
1676,brooke19,7MmEgDBf(1,54,1989-09-11
1677,dfranklin,EG7HZlBmU(,46,2006-07-11
1678,poolechristine,$QzNULNrG6,38,1997-11-27
1679,castrojustin,6*$8LgLreX,28,2023-06-02
1680,ltorres,M58JO(b%3!,20,1991-11-03
1681,kevinmoody,nB3@d6Nd7^,60,2019-04-22
1682,ryan01,(w5aT7XrD_,20,2013-01-01
1683,smithdeborah,2q3kVZPNM+,36,1975-04-17
1684,rebeccaallen,tnd9(Hbl(!,25,1972-03-15
1685,csmall,K%e!9O_hDR,55,2001-07-01
1686,chloe89,ov2h7NVsC),39,2002-08-10
1687,greeneteresa,Wn4HnkLO4+,48,1986-05-27
1688,uspence,*9tHcDZz@U,25,2019-06-08
1689,nrusso,41%DTbzH@O,31,2007-07-21
1690,justindavis,0i5UT9y8m(,44,1999-10-05
1691,debbie18,^7B#yJ(^GO,30,2010-03-23
1692,wendydelacruz,^8FSYiwxF!,65,1974-03-30
1693,stephenstara,#NAME?,38,2009-01-30
1694,erica12,Q+9yMLiBCc,51,2005-01-24
1695,gutierrezrebecca,)xyf1(KiX!,24,1982-12-13
1696,nielsenmelissa,_i1Jm!#3b!,32,1973-08-09
1697,john51,O2+ON4ReUi,54,2003-03-09
1698,danielhernandez,)&PrFl3O5q,48,1986-12-18
1699,vbutler,)dYj4DJs_z,19,1993-01-16
1700,uwalker,^oMte$jR8X,27,1991-05-14
1701,janet42,96ryNe@q)v,32,1984-10-16
1702,mollybutler,FM&03Nc4rw,24,2010-09-23
1703,johnsonmatthew,*2JdpOjP11,57,2009-11-25
1704,kochsamuel,@__Jpewjl8,51,2020-10-08
1705,crystal58,a62LPcja5@,55,1973-04-28
1706,sheila85,&8uN*amYoF,23,2001-12-12
1707,qmarquez,*qWr$E6qh6,60,1985-09-12
1708,nancyscott,%tyH5$0d65,62,1998-01-13
1709,flynncorey,V*8LhK%fJ#,24,1999-01-30
1710,tadkins,*5)dKBqhMM,57,2002-05-01
1711,lmiller,%31NZ1coNP,65,1985-02-21
1712,thomaslinda,O_*X)5Oi3B,58,1992-08-28
1713,nicholashunt,*5U^vNij3q,55,2023-06-23
1714,jared22,Y&fW3Me@%8,61,2013-05-30
1715,fbrown,8%1dLObA_W,55,1975-06-10
1716,dbell,Lj6RGIhkz$,52,1987-09-07
1717,johnsonrichard,E_Rm3XSku^,36,2007-09-02
1718,collinssherri,$%mBe(3Yn6,35,2013-04-28
1719,nwalter,_IR1Cy^bna,19,2009-10-11
1720,emily59,w@60Pm^ke7,46,1978-01-28
1721,schmidtashley,jn1%0ORfQH,28,1991-01-24
1722,twebb,K27Ms)ww4@,44,2010-03-02
1723,jessicajackson,pN4GOgPe0^,40,1978-08-06
1724,henrymelissa,^WR6hgDjk3,52,1974-02-19
1725,xburnett,$6ULi5Tg%C,19,1983-03-31
1726,stephanie71,Z31h*8Pv2!,65,2003-10-23
1727,ggomez,r6+UOYCx*d,26,1992-02-14
1728,dorisle,_3j7oBDmSr,63,1986-06-21
1729,sgreen,#NAME?,53,2006-04-09
1730,phuerta,lG!Q5AFxU),65,1996-02-13
1731,zachary21,T1YSXGD9@y,45,1977-12-02
1732,ymason,6SzzRDn+@1,35,1973-08-31
1733,cody81,MQ4bFz)oo^,62,2021-03-22
1734,erin45,#_0FDe4gJx,29,1998-03-24
1735,morrismelissa,X73Afx4w@*,53,2016-11-13
1736,ijackson,$^F_5!Gtxc,21,2022-10-23
1737,aarondean,&^6Rts%o8B,55,2007-09-24
1738,vestrada,@MUPYOcUk5,33,2014-02-24
1739,tjohnson,5+mRr2Wyz$,28,2012-08-27
1740,martinezvalerie,_^3ynClRF#,65,1977-03-24
1741,kim56,#NAME?,27,1974-09-13
1742,zachary00,9X&h9F7mmO,29,1976-03-04
1743,ylee,%&Q01sNhjk,39,2015-09-28
1744,johnstonadam,h4$O2%ByD),30,1987-01-06
1745,joan10,@1NmlCabLK,25,2013-02-08
1746,priceerika,$dUrqprWl2,40,1997-05-15
1747,jmartinez,+uRIhW^$^6,27,2009-11-05
1748,james16,(5RJbVSwTd,49,2013-03-31
1749,ccannon,*8!YDD4s_s,24,1981-12-12
1750,lbowers,yj4!8HLrOr,35,1977-10-16
1751,smithamber,6_J94_jdGC,55,1998-07-24
1752,gramirez,)+%g0YFk09,54,1994-03-15
1753,pricematthew,VMR2ELsb*+,65,1988-07-16
1754,josephhall,&81RC1j3A6,36,2006-03-04
1755,maryyoung,idi1_Bpx@7,63,1999-05-24
1756,darrensimpson,xZ2xB_jo(e,37,2014-10-08
1757,richard29,_ljFLXHRd2,60,2015-05-15
1758,matthew09,%fg@1Xio9J,22,1974-08-06
1759,tom88,#jOzJ7Rn&c,58,1999-12-16
1760,estevens,$RD+$gk2_4,59,2007-12-08
1761,stacy16,T(U1m9IpGB,50,1985-01-25
1762,gdixon,m$qXShPw93,60,1998-05-18
1763,danielflores,cM%Y0VWjL),63,2005-08-13
1764,courtneyjohnson,&(7BSotIMK,36,2023-11-09
1765,vramos,Cx7Wu!73)n,42,2023-01-16
1766,lauren03,4$9n5Yi+l_,29,1972-04-04
1767,watsonjoseph,T3W&1Ov0!),64,1995-07-24
1768,alexismoore,E4!c6VxGo&,47,2012-03-21
1769,petersjoseph,+2nA^lDiLK,50,2007-03-18
1770,laura03,pMKa2UYc_K,21,1984-07-04
1771,cookbrian,!&wu8DYzgm,31,2014-03-10
1772,pateljacob,(y6!@P6yfq,38,2023-11-04
1773,lewisthomas,q!8Xs&QbDN,53,1978-08-05
1774,cleach,_u3LN91f6_,62,2001-01-18
1775,craigwagner,y8MXCcVK$4,62,1970-09-30
1776,zachary51,#w0qN5tvz@,32,2015-05-29
1777,tiffany30,O0#7$XfBmJ,65,1973-11-17
1778,edgar66,hi3YtD)b^(,48,1994-03-18
1779,katherinecollins,iRB3#9Aol8,34,2018-01-13
1780,jsmith,5p^BAqpf&1,54,1981-08-10
1781,huangmelanie,e@9r2IPnvo,34,1982-04-02
1782,gklein,@OSY0TeLti,44,1989-09-03
1783,beverly82,$r4A5k9r&^,45,1991-01-26
1784,kreed,hvE8HVr(_@,42,2010-01-31
1785,williebenitez,+dF9&oy)B7,48,2001-07-08
1786,mhenson,++7FEwoOYx,31,2022-12-04
1787,davidlynn,v3H5cT$6)M,65,2000-02-02
1788,vincent49,z@Hjj9wvCU,25,2013-03-19
1789,chad62,+^jnb9wbV1,20,1991-10-19
1790,ablankenship,d1@BCleE)r,20,2008-10-03
1791,ubowen,Mz_g9nRa)8,53,1992-08-29
1792,courtneyjohnson,RL9TFx)2@F,65,1970-02-07
1793,jsweeney,&+Y1B2pFqw,25,1982-08-01
1794,amanda90,q$JJ)1JgY4,28,1998-02-24
1795,cbowen,&OW%FZz*a9,37,1978-11-16
1796,jordanjon,%EhyJdLpD7,62,2000-02-10
1797,heather24,8#uEZt@i_z,49,1984-12-20
1798,wcruz,CR4#7WnQ!4,58,1973-07-11
1799,lisaevans,#NAME?,49,2000-12-10
1800,robin52,!DH9V1KskN,61,1990-10-24
1801,lynn00,J5cS$R(a#E,22,1994-11-08
1802,usanchez,Z2ftaCb9+F,60,1975-03-14
1803,christophersmith,Qj9T2jBR!$,62,2021-02-03
1804,igiles,#_3T$arswU,49,2001-06-22
1805,jason89,$3puqjVzAA,27,2006-06-07
1806,parkselizabeth,%N*4Phief^,54,1981-02-12
1807,rblack,Qy*6VXVh(m,63,1989-03-04
1808,ufoster,#Ty3wCtXpq,22,1981-01-04
1809,seth42,)4PHXM&lR1,65,1984-05-22
1810,angelaweeks,1G!+#6ClVc,50,1999-02-20
1811,yheath,!3$YVOTK)r,60,2019-08-25
1812,huntmisty,6%aXckwz#0,59,1978-08-12
1813,pcasey,g7sj*OPr_(,31,1992-12-21
1814,david82,&*VHv9IyG!,52,1984-09-21
1815,kmoore,MHe5Sfvd@D,48,2015-09-07
1816,kcalhoun,_5t!#iTr)F,65,2005-04-23
1817,branchjohn,yD8P@Hev%W,61,2012-03-30
1818,stephanie47,)FQApCig0R,42,1995-06-25
1819,margaret73,UX4$6@Tyfv,26,2007-09-04
1820,reynoldsholly,v$1kH0aeKd,56,2005-06-03
1821,ktran,I&1U0GMf@G,40,2021-11-18
1822,ljones,@3n3zJYI^a,37,1992-08-20
1823,daughertyeric,gmsWA3r_@5,41,2001-11-22
1824,mcfarlanddavid,)xBE3Vb_HN,45,2010-04-09
1825,erikaflores,A$5XANqALW,48,1981-12-13
1826,patelpaul,Wx@A$Lex!4,56,2003-07-12
1827,justinmarks,mhnz3SFe%2,42,2010-06-14
1828,nhopkins,%K$GcF!eQ4,38,2013-11-14
1829,ginajohnson,kjW)70Azk@,60,2001-08-05
1830,rossann,0*wZ(1tGEY,45,2012-03-19
1831,beverly79,u5mNsagC&2,41,1995-06-23
1832,suarezjerry,a(!U6Hhwu4,21,2022-06-14
1833,hendersoncharles,(PdYwMMhA2,53,1974-11-26
1834,vgeorge,f5LvkdIH&X,30,1997-06-17
1835,jcantu,)^6oE58RNq,41,1996-07-09
1836,rodney20,o7ce1hTm^V,55,1972-03-18
1837,xrocha,+l)W6Dyit$,41,1979-12-11
1838,laura69,4ELWTqBz)8,24,1971-12-29
1839,zkaufman,y@(*3H@jiv,48,1981-12-12
1840,mahoneylarry,uu39FtNao^,61,2004-11-04
1841,kevin52,)2NFOFeG39,38,1982-12-04
1842,alvaradolinda,Y8ZizHY^$I,18,2017-03-26
1843,edward50,n*v7_H8eJ),21,2018-08-03
1844,laurenconley,nY!YY5Ax&8,42,2005-11-17
1845,carsontyler,#68m2SrV*z,25,1980-01-24
1846,barberamanda,*5Bqisow!N,63,1999-11-27
1847,johnschmitt,(5MmIjvd+z,58,1976-09-12
1848,ustevens,6)0YOiFeXs,22,1978-11-06
1849,rosalesalbert,ho8Gy4c*+J,63,1984-09-26
1850,timothycruz,lSI63%q3K&,55,1995-09-11
1851,michaeldunn,(1iAFfJ6Yi,43,1996-09-11
1852,ddavis,@4xqH1CeR4,30,1999-07-12
1853,crandall,SdHCvhW^^3,59,1979-08-15
1854,eprince,@B6(fEh*MG,25,1976-08-23
1855,andre49,e#3Pc()k^z,65,1977-05-17
1856,angeladavis,^8Je2u3jKS,20,1979-10-07
1857,mikecooper,+C9KyymF%7,45,1978-12-12
1858,elizabethbeck,(HX8D&k^&v,39,1972-12-23
1859,crystal48,+uMYoblR5),30,2003-02-11
1860,icalhoun,+1J2Ffezgh,24,1973-11-11
1861,eugene65,^4FFt(_MEb,28,1978-12-05
1862,riverskerry,(S8CFl#oxp,45,2016-09-01
1863,mosleykaitlyn,03JyenNK!x,60,2013-12-22
1864,yevans,+#Li8Uferp,63,1979-06-21
1865,james39,ZmAJ@)uh^4,25,1989-12-22
1866,umcgee,_#*LU6VdG(,28,1979-04-04
1867,nmatthews,)iD4K#avC4,20,2002-05-13
1868,campbellkatherine,7CN0VUgkt%,37,1990-08-10
1869,rgutierrez,(FeF%JJtZ2,48,1976-12-24
1870,martinmelanie,1B!8Nqvz%k,41,2007-01-13
1871,tammy35,k1BBPOGo_E,34,2005-01-22
1872,leemitchell,$_30Fr84#y,58,2023-04-09
1873,iduran,ed255K6g#+,64,1970-07-31
1874,jared16,3Mz%9DWjK!,38,1999-01-12
1875,ojames,sf9kKFwyz$,18,1992-03-09
1876,anthonyherman,_yh6Hu3T*Z,56,2021-02-04
1877,robyn84,$)IdDCMfu9,25,2003-03-09
1878,ralph47,)u0xTIiw)9,24,1992-02-07
1879,william14,pPM8OJr*!k,58,2024-02-09
1880,mjohnson,_6vXi+Qwdk,58,2024-05-29
1881,abigail25,h+Qa@7Nrxw,61,2004-02-10
1882,tamaragraham,3o56hWXr#G,64,1974-04-30
1883,oreeves,x$rfS7Mnmq,44,2006-09-24
1884,mannmadison,#4jPVIBv88,18,1974-02-16
1885,afields,S*3+JHblAM,25,1989-12-26
1886,arthur96,^2^_6T+eUC,64,1995-05-25
1887,villanuevamichael,G#7E06$o(x,21,1996-06-29
1888,laurenherrera,@7UZUVjK&x,60,2002-06-28
1889,pmoore,bDZcD3Jkj#,53,2010-11-17
1890,suzannejacobs,+8Ukd_mkiO,25,2017-11-21
1891,tclark,&15SjwZdN4,38,1983-05-16
1892,ybrewer,C8IN0#xb^s,50,2017-08-02
1893,gweber,b8neKxbT_c,47,1998-05-03
1894,msmith,^7SKH#4jH2,37,1991-01-17
1895,hclarke,^mI8BWVqX6,20,1996-09-22
1896,qmurphy,()370XxLXM,42,1988-03-01
1897,jaredstanley,&9kWahkWy2,19,1978-01-29
1898,piercelori,#jbl0xZk19,61,2009-02-23
1899,andrejimenez,t#3JudyC9k,19,1983-01-20
1900,smithrichard,d$56BTqqb),38,2020-02-19
1901,phamluke,1hDIXGRE%B,18,1976-08-18
1902,sharon56,Y%39fpyLnJ,36,2022-03-30
1903,jessicabrock,uRo1+FAeU!,53,1975-09-11
1904,agonzalez,O89BDECqR_,39,1994-11-23
1905,robertmartinez,zr&3CKe6)5,48,1975-12-13
1906,qbrown,UD0(C$zbQ*,22,2023-04-12
1907,ayalajames,#J4EB_wcC@,61,1998-04-05
1908,kimberly88,Fb2j7yPo!0,38,1991-06-20
1909,adamsangelica,66UeT7hZ%L,56,1981-04-11
1910,thomas04,Rxpb9CWjd!,42,2020-11-12
1911,imartin,vm9$kAuC*y,36,2007-12-15
1912,silvahannah,Rp+@5&AyWr,20,1984-06-01
1913,boydkimberly,1eobUhXe_d,62,2023-09-01
1914,sharpadam,&jPEHEkEn7,37,2020-09-24
1915,wcrosby,w5Ausrjh*@,50,1976-01-20
1916,stephenkrause,@VBJjFZyR5,26,1974-03-23
1917,mcdonaldkevin,!5eI@XDjQ0,21,2006-05-24
1918,michael70,!o#p6JJu)r,29,1979-12-24
1919,veronicadaniel,T$$Y1Fq(@7,18,1990-12-21
1920,jroberson,1V4^PbIH@L,47,1985-06-09
1921,justin20,^45&t5Ak4n,58,1983-07-04
1922,dawncaldwell,8i)f2PqD)v,43,1972-04-05
1923,mgarrison,8H#8PT)m#8,63,1985-06-09
1924,pricechristopher,@b8&2Y+dSt,37,2023-10-05
1925,fosterbarbara,#$nlJBfmY2,52,2010-01-05
1926,aporter,_92jRAWa&1,54,2003-04-12
1927,erica80,hb70hW1u!3,24,1996-05-31
1928,gwells,(72N&qozvJ,24,1989-01-05
1929,eburns,8H_Mf_c2$f,63,1986-08-24
1930,david17,8#ob4OuUNP,28,2012-02-24
1931,john20,^FI9NOxsKa,18,1989-10-15
1932,tzimmerman,a+0N)mKds%,23,1984-04-15
1933,laurajennings,KH0**8Pbkc,32,2002-07-20
1934,pmiller,&dJgd@_wx8,44,1972-10-05
1935,jennifer17,SRsbaCCi&0,34,1972-06-14
1936,hhuff,lBXW#nmx)1,56,1995-11-01
1937,kelsey47,+@@7WSil%M,27,1979-11-03
1938,patriciarussell,$_X!+Pkwl3,41,1985-06-04
1939,carpenterchristina,hQ8Hq%Wa)#,21,1986-03-28
1940,garrettbrandon,!B6E5Ggpie,27,2010-12-05
1941,stephanie34,#8rFtfiA+#,22,1998-02-01
1942,sergiojones,^!c9QRHl_),23,1984-02-07
1943,amalone,!L8!PGmbb(,26,1990-03-13
1944,troyrhodes,S*4KasQQ8g,46,1978-01-06
1945,angela30,v57i5hXt_4,64,1995-08-26
1946,tyler79,3)x6ILXs*y,60,1997-01-05
1947,mcoleman,_IZV8UoxL1,56,1987-01-25
1948,scott55,%nCCdh!1@1,40,2009-12-08
1949,rleon,wo2U4*oq^0,58,2002-11-24
1950,browe,3KB!W19y(H,50,1984-03-10
1951,blloyd,85znY%b+%e,20,1985-01-24
1952,wwagner,&K9_CLj+J7,48,1997-08-18
1953,marie84,W+6Y!Fo+lh,40,1977-12-02
1954,courtneyharrison,70l0YMipc@,59,1994-10-28
1955,benjamin92,!5IncLbe5m,23,1985-06-20
1956,albertjohnson,UR6MY5ghi),35,1971-06-21
1957,moorevictoria,$bPx(csA#4,33,1971-11-17
1958,jsmith,O$5Luy&UD8,56,1989-08-12
1959,perezanthony,+008QMmwV+,31,2021-12-26
1960,hurleyamanda,07zVnQaz@5,58,2016-07-23
1961,belljacqueline,c_4M8w$z_d,33,2002-08-24
1962,calvin21,7A8AOQeb@2,46,1973-01-12
1963,curtisjones,hiq8Quhz*v,52,1998-12-16
1964,walkerjohn,Y^&r7Tm3+C,53,2001-05-13
1965,hsmith,hJm1XkYb1^,61,2003-03-23
1966,huntercantu,!70qNlFdeA,34,2012-08-25
1967,susan39,4h_2jUb4_v,25,2009-11-29
1968,ejohnson,I^)9MRuhoG,42,2007-08-25
1969,william44,0(uKErr7@5,18,1990-12-30
1970,williamrich,R*7uXmks6q,43,1989-05-14
1971,evan96,8g#0M)wk(C,33,2014-08-13
1972,danielle56,&8GIyxA((v,47,2002-05-31
1973,fflores,)Ph5*I0noo,50,2001-06-22
1974,pfreeman,k&k0Xc@g@K,43,1973-02-14
1975,cwalker,l0(tQcOf)Y,27,1981-07-08
1976,jacobgutierrez,u@97Y2z2&r,47,1976-09-15
1977,sara24,bdyZWbfG#4,52,2012-06-26
1978,kimberlyesparza,U_w1*U9gW9,53,1976-03-31
1979,kathy78,!yXcUMBk9*,60,1974-01-19
1980,cardenaswhitney,@e5EGda$9^,41,1980-04-25
1981,lauracarter,i#37Vx*bT&,42,2005-12-28
1982,phillipsdoris,O5#Tjwct%l,65,1977-11-29
1983,huffmandebbie,5UH0AYk+a&,59,1974-04-05
1984,harrisluis,@0jOjPHbr#,34,1982-08-23
1985,kingtara,SDl4JSuk^_,37,1982-03-24
1986,donovancandice,%eGGRu(mP5,39,1994-11-21
1987,murraysamantha,VtH#e&IO_1,20,1994-02-24
1988,hunterryan,^p0siFawj9,33,1973-01-20
1989,christina49,v9pFDUm)#M,53,2017-04-17
1990,nwells,O366_M@pf+,63,2015-10-29
1991,sethsandoval,2k*6XubohH,63,1994-06-27
1992,karen19,H&3yzTs2bH,50,2014-03-24
1993,opowell,Aeu4$WMAw*,31,1987-08-29
1994,gcrawford,Ev7YNkpb!2,39,1976-02-27
1995,benjaminhall,SVQ6TCe6_j,52,2002-08-31
1996,adrianbaker,pS^jD6Rwi!,35,2008-10-04
1997,josephjenkins,&D$60BHkmg,60,2003-11-24
1998,crichardson,RPzDxjeJ)2,50,2024-01-12
1999,jonestimothy,WQn1$*&w)6,45,1987-01-14
2000,imcpherson,4r#5BXaLEG,48,2014-01-29
